UF;Microrregião;Variável;Quartel;Ano;Nível;Território;Produto;Nomes de medida;Valores de medida
AC;Rio Branco;Quantidade Produzida;Q1;2010;BRASIL;BRASIL;Soja;Média de Produtividade (Área Colhida);3,3
AC;Rio Branco;Quantidade Produzida;Q1;2010;BRASIL;BRASIL;Soja;Área Colhida;100
AC;Rio Branco;Quantidade Produzida;Q1;2010;BRASIL;BRASIL;Soja;Área Plantada;100
AC;Rio Branco;Quantidade Produzida;Q1;2010;BRASIL;BRASIL;Soja;Qtde Produzida;330
AM;Madeira;Quantidade Produzida;Q1;2010;BRASIL;BRASIL;Soja;Média de Produtividade (Área Colhida);3
AM;Madeira;Quantidade Produzida;Q1;2010;BRASIL;BRASIL;Soja;Área Colhida;180
AM;Madeira;Quantidade Produzida;Q1;2010;BRASIL;BRASIL;Soja;Área Plantada;180
AM;Madeira;Quantidade Produzida;Q1;2010;BRASIL;BRASIL;Soja;Qtde Produzida;540
BA;Barreiras;Quantidade Produzida;Q4;2010;BRASIL;BRASIL;Soja;Média de Produtividade (Área Colhida);3,060000235
BA;Barreiras;Quantidade Produzida;Q4;2010;BRASIL;BRASIL;Soja;Área Colhida;849530
BA;Barreiras;Quantidade Produzida;Q4;2010;BRASIL;BRASIL;Soja;Área Plantada;849530
BA;Barreiras;Quantidade Produzida;Q4;2010;BRASIL;BRASIL;Soja;Qtde Produzida;2599562
BA;Bom Jesus da Lapa;Quantidade Produzida;Q1;2010;BRASIL;BRASIL;Soja;Média de Produtividade (Área Colhida);3,3
BA;Bom Jesus da Lapa;Quantidade Produzida;Q1;2010;BRASIL;BRASIL;Soja;Área Colhida;2300
BA;Bom Jesus da Lapa;Quantidade Produzida;Q1;2010;BRASIL;BRASIL;Soja;Área Plantada;2300
BA;Bom Jesus da Lapa;Quantidade Produzida;Q1;2010;BRASIL;BRASIL;Soja;Qtde Produzida;7590
BA;Santa Maria da Vitória;Quantidade Produzida;Q2;2010;BRASIL;BRASIL;Soja;Média de Produtividade (Área Colhida);3,057532342
BA;Santa Maria da Vitória;Quantidade Produzida;Q2;2010;BRASIL;BRASIL;Soja;Área Colhida;165420
BA;Santa Maria da Vitória;Quantidade Produzida;Q2;2010;BRASIL;BRASIL;Soja;Área Plantada;165420
BA;Santa Maria da Vitória;Quantidade Produzida;Q2;2010;BRASIL;BRASIL;Soja;Qtde Produzida;505777
CE;Baixo Jaguaribe;Quantidade Produzida;Q1;2010;BRASIL;BRASIL;Soja;Média de Produtividade (Área Colhida);3,35
CE;Baixo Jaguaribe;Quantidade Produzida;Q1;2010;BRASIL;BRASIL;Soja;Área Colhida;1020
CE;Baixo Jaguaribe;Quantidade Produzida;Q1;2010;BRASIL;BRASIL;Soja;Área Plantada;1020
CE;Baixo Jaguaribe;Quantidade Produzida;Q1;2010;BRASIL;BRASIL;Soja;Qtde Produzida;3417
GO+DF;Anápolis;Quantidade Produzida;Q1;2010;BRASIL;BRASIL;Soja;Média de Produtividade (Área Colhida);2,878265766
GO+DF;Anápolis;Quantidade Produzida;Q1;2010;BRASIL;BRASIL;Soja;Área Colhida;17760
GO+DF;Anápolis;Quantidade Produzida;Q1;2010;BRASIL;BRASIL;Soja;Área Plantada;17760
GO+DF;Anápolis;Quantidade Produzida;Q1;2010;BRASIL;BRASIL;Soja;Qtde Produzida;51118
GO+DF;Anicuns;Quantidade Produzida;Q1;2010;BRASIL;BRASIL;Soja;Média de Produtividade (Área Colhida);2,959490741
GO+DF;Anicuns;Quantidade Produzida;Q1;2010;BRASIL;BRASIL;Soja;Área Colhida;4320
GO+DF;Anicuns;Quantidade Produzida;Q1;2010;BRASIL;BRASIL;Soja;Área Plantada;4320
GO+DF;Anicuns;Quantidade Produzida;Q1;2010;BRASIL;BRASIL;Soja;Qtde Produzida;12785
GO+DF;Aragarças;Quantidade Produzida;Q1;2010;BRASIL;BRASIL;Soja;Média de Produtividade (Área Colhida);2,914956012
GO+DF;Aragarças;Quantidade Produzida;Q1;2010;BRASIL;BRASIL;Soja;Área Colhida;17050
GO+DF;Aragarças;Quantidade Produzida;Q1;2010;BRASIL;BRASIL;Soja;Área Plantada;17050
GO+DF;Aragarças;Quantidade Produzida;Q1;2010;BRASIL;BRASIL;Soja;Qtde Produzida;49700
GO+DF;Brasília;Quantidade Produzida;Q1;2010;BRASIL;BRASIL;Soja;Média de Produtividade (Área Colhida);3,196003754
GO+DF;Brasília;Quantidade Produzida;Q1;2010;BRASIL;BRASIL;Soja;Área Colhida;55402
GO+DF;Brasília;Quantidade Produzida;Q1;2010;BRASIL;BRASIL;Soja;Área Plantada;55402
GO+DF;Brasília;Quantidade Produzida;Q1;2010;BRASIL;BRASIL;Soja;Qtde Produzida;177065
GO+DF;Catalão;Quantidade Produzida;Q2;2010;BRASIL;BRASIL;Soja;Média de Produtividade (Área Colhida);3,139791988
GO+DF;Catalão;Quantidade Produzida;Q2;2010;BRASIL;BRASIL;Soja;Área Colhida;181720
GO+DF;Catalão;Quantidade Produzida;Q2;2010;BRASIL;BRASIL;Soja;Área Plantada;181720
GO+DF;Catalão;Quantidade Produzida;Q2;2010;BRASIL;BRASIL;Soja;Qtde Produzida;570563
GO+DF;Ceres;Quantidade Produzida;Q1;2010;BRASIL;BRASIL;Soja;Média de Produtividade (Área Colhida);3,006762468
GO+DF;Ceres;Quantidade Produzida;Q1;2010;BRASIL;BRASIL;Soja;Área Colhida;11830
GO+DF;Ceres;Quantidade Produzida;Q1;2010;BRASIL;BRASIL;Soja;Área Plantada;11830
GO+DF;Ceres;Quantidade Produzida;Q1;2010;BRASIL;BRASIL;Soja;Qtde Produzida;35570
GO+DF;Chapada dos Veadeiros;Quantidade Produzida;Q1;2010;BRASIL;BRASIL;Soja;Média de Produtividade (Área Colhida);2,687686567
GO+DF;Chapada dos Veadeiros;Quantidade Produzida;Q1;2010;BRASIL;BRASIL;Soja;Área Colhida;26800
GO+DF;Chapada dos Veadeiros;Quantidade Produzida;Q1;2010;BRASIL;BRASIL;Soja;Área Plantada;26800
GO+DF;Chapada dos Veadeiros;Quantidade Produzida;Q1;2010;BRASIL;BRASIL;Soja;Qtde Produzida;72030
GO+DF;Entorno de Brasília;Quantidade Produzida;Q3;2010;BRASIL;BRASIL;Soja;Média de Produtividade (Área Colhida);2,786337438
GO+DF;Entorno de Brasília;Quantidade Produzida;Q3;2010;BRASIL;BRASIL;Soja;Área Colhida;381700
GO+DF;Entorno de Brasília;Quantidade Produzida;Q3;2010;BRASIL;BRASIL;Soja;Área Plantada;381700
GO+DF;Entorno de Brasília;Quantidade Produzida;Q3;2010;BRASIL;BRASIL;Soja;Qtde Produzida;1063545
GO+DF;Goiânia;Quantidade Produzida;Q1;2010;BRASIL;BRASIL;Soja;Média de Produtividade (Área Colhida);2,931930103
GO+DF;Goiânia;Quantidade Produzida;Q1;2010;BRASIL;BRASIL;Soja;Área Colhida;12590
GO+DF;Goiânia;Quantidade Produzida;Q1;2010;BRASIL;BRASIL;Soja;Área Plantada;12590
GO+DF;Goiânia;Quantidade Produzida;Q1;2010;BRASIL;BRASIL;Soja;Qtde Produzida;36913
GO+DF;Iporá;Quantidade Produzida;Q1;2010;BRASIL;BRASIL;Soja;Média de Produtividade (Área Colhida);3
GO+DF;Iporá;Quantidade Produzida;Q1;2010;BRASIL;BRASIL;Soja;Área Colhida;2600
GO+DF;Iporá;Quantidade Produzida;Q1;2010;BRASIL;BRASIL;Soja;Área Plantada;2600
GO+DF;Iporá;Quantidade Produzida;Q1;2010;BRASIL;BRASIL;Soja;Qtde Produzida;7800
GO+DF;Meia Ponte;Quantidade Produzida;Q3;2010;BRASIL;BRASIL;Soja;Média de Produtividade (Área Colhida);2,897799398
GO+DF;Meia Ponte;Quantidade Produzida;Q3;2010;BRASIL;BRASIL;Soja;Área Colhida;325820
GO+DF;Meia Ponte;Quantidade Produzida;Q3;2010;BRASIL;BRASIL;Soja;Área Plantada;325820
GO+DF;Meia Ponte;Quantidade Produzida;Q3;2010;BRASIL;BRASIL;Soja;Qtde Produzida;944161
GO+DF;Pires do Rio;Quantidade Produzida;Q2;2010;BRASIL;BRASIL;Soja;Média de Produtividade (Área Colhida);3,159622642
GO+DF;Pires do Rio;Quantidade Produzida;Q2;2010;BRASIL;BRASIL;Soja;Área Colhida;159000
GO+DF;Pires do Rio;Quantidade Produzida;Q2;2010;BRASIL;BRASIL;Soja;Área Plantada;159000
GO+DF;Pires do Rio;Quantidade Produzida;Q2;2010;BRASIL;BRASIL;Soja;Qtde Produzida;502380
GO+DF;Porangatu;Quantidade Produzida;Q1;2010;BRASIL;BRASIL;Soja;Média de Produtividade (Área Colhida);3,028969957
GO+DF;Porangatu;Quantidade Produzida;Q1;2010;BRASIL;BRASIL;Soja;Área Colhida;46600
GO+DF;Porangatu;Quantidade Produzida;Q1;2010;BRASIL;BRASIL;Soja;Área Plantada;46600
GO+DF;Porangatu;Quantidade Produzida;Q1;2010;BRASIL;BRASIL;Soja;Qtde Produzida;141150
GO+DF;Quirinópolis;Quantidade Produzida;Q1;2010;BRASIL;BRASIL;Soja;Média de Produtividade (Área Colhida);2,972382739
GO+DF;Quirinópolis;Quantidade Produzida;Q1;2010;BRASIL;BRASIL;Soja;Área Colhida;26650
GO+DF;Quirinópolis;Quantidade Produzida;Q1;2010;BRASIL;BRASIL;Soja;Área Plantada;26650
GO+DF;Quirinópolis;Quantidade Produzida;Q1;2010;BRASIL;BRASIL;Soja;Qtde Produzida;79214
GO+DF;Rio Vermelho;Quantidade Produzida;Q1;2010;BRASIL;BRASIL;Soja;Média de Produtividade (Área Colhida);3
GO+DF;Rio Vermelho;Quantidade Produzida;Q1;2010;BRASIL;BRASIL;Soja;Área Colhida;2650
GO+DF;Rio Vermelho;Quantidade Produzida;Q1;2010;BRASIL;BRASIL;Soja;Área Plantada;2650
GO+DF;Rio Vermelho;Quantidade Produzida;Q1;2010;BRASIL;BRASIL;Soja;Qtde Produzida;7950
GO+DF;São Miguel do Araguaia;Quantidade Produzida;Q1;2010;BRASIL;BRASIL;Soja;Média de Produtividade (Área Colhida);3
GO+DF;São Miguel do Araguaia;Quantidade Produzida;Q1;2010;BRASIL;BRASIL;Soja;Área Colhida;2000
GO+DF;São Miguel do Araguaia;Quantidade Produzida;Q1;2010;BRASIL;BRASIL;Soja;Área Plantada;2000
GO+DF;São Miguel do Araguaia;Quantidade Produzida;Q1;2010;BRASIL;BRASIL;Soja;Qtde Produzida;6000
GO+DF;Sudoeste de Goiás;Quantidade Produzida;Q4;2010;BRASIL;BRASIL;Soja;Média de Produtividade (Área Colhida);3,016069715
GO+DF;Sudoeste de Goiás;Quantidade Produzida;Q4;2010;BRASIL;BRASIL;Soja;Área Colhida;1021300
GO+DF;Sudoeste de Goiás;Quantidade Produzida;Q4;2010;BRASIL;BRASIL;Soja;Área Plantada;1021300
GO+DF;Sudoeste de Goiás;Quantidade Produzida;Q4;2010;BRASIL;BRASIL;Soja;Qtde Produzida;3080312
GO+DF;Vale do Rio dos Bois;Quantidade Produzida;Q2;2010;BRASIL;BRASIL;Soja;Média de Produtividade (Área Colhida);2,915441927
GO+DF;Vale do Rio dos Bois;Quantidade Produzida;Q2;2010;BRASIL;BRASIL;Soja;Área Colhida;195960
GO+DF;Vale do Rio dos Bois;Quantidade Produzida;Q2;2010;BRASIL;BRASIL;Soja;Área Plantada;195960
GO+DF;Vale do Rio dos Bois;Quantidade Produzida;Q2;2010;BRASIL;BRASIL;Soja;Qtde Produzida;571310
GO+DF;Vão do Paranã;Quantidade Produzida;Q1;2010;BRASIL;BRASIL;Soja;Média de Produtividade (Área Colhida);2,208108108
GO+DF;Vão do Paranã;Quantidade Produzida;Q1;2010;BRASIL;BRASIL;Soja;Área Colhida;9250
GO+DF;Vão do Paranã;Quantidade Produzida;Q1;2010;BRASIL;BRASIL;Soja;Área Plantada;9250
GO+DF;Vão do Paranã;Quantidade Produzida;Q1;2010;BRASIL;BRASIL;Soja;Qtde Produzida;20425
MA;Alto Mearim e Grajaú;Quantidade Produzida;Q1;2010;BRASIL;BRASIL;Soja;Média de Produtividade (Área Colhida);2,658308931
MA;Alto Mearim e Grajaú;Quantidade Produzida;Q1;2010;BRASIL;BRASIL;Soja;Área Colhida;5464
MA;Alto Mearim e Grajaú;Quantidade Produzida;Q1;2010;BRASIL;BRASIL;Soja;Área Plantada;5464
MA;Alto Mearim e Grajaú;Quantidade Produzida;Q1;2010;BRASIL;BRASIL;Soja;Qtde Produzida;14525
MA;Baixo Parnaíba Maranhense;Quantidade Produzida;Q1;2010;BRASIL;BRASIL;Soja;Média de Produtividade (Área Colhida);2,5
MA;Baixo Parnaíba Maranhense;Quantidade Produzida;Q1;2010;BRASIL;BRASIL;Soja;Área Colhida;3972
MA;Baixo Parnaíba Maranhense;Quantidade Produzida;Q1;2010;BRASIL;BRASIL;Soja;Área Plantada;5492
MA;Baixo Parnaíba Maranhense;Quantidade Produzida;Q1;2010;BRASIL;BRASIL;Soja;Qtde Produzida;9930
MA;Caxias;Quantidade Produzida;Q1;2010;BRASIL;BRASIL;Soja;Média de Produtividade (Área Colhida);3
MA;Caxias;Quantidade Produzida;Q1;2010;BRASIL;BRASIL;Soja;Área Colhida;230
MA;Caxias;Quantidade Produzida;Q1;2010;BRASIL;BRASIL;Soja;Área Plantada;230
MA;Caxias;Quantidade Produzida;Q1;2010;BRASIL;BRASIL;Soja;Qtde Produzida;690
MA;Chapadas das Mangabeiras;Quantidade Produzida;Q1;2010;BRASIL;BRASIL;Soja;Média de Produtividade (Área Colhida);2,710558417
MA;Chapadas das Mangabeiras;Quantidade Produzida;Q1;2010;BRASIL;BRASIL;Soja;Área Colhida;128703
MA;Chapadas das Mangabeiras;Quantidade Produzida;Q1;2010;BRASIL;BRASIL;Soja;Área Plantada;128703
MA;Chapadas das Mangabeiras;Quantidade Produzida;Q1;2010;BRASIL;BRASIL;Soja;Qtde Produzida;348857
MA;Chapadas do Alto Itapecuru;Quantidade Produzida;Q1;2010;BRASIL;BRASIL;Soja;Média de Produtividade (Área Colhida);2,780303030
MA;Chapadas do Alto Itapecuru;Quantidade Produzida;Q1;2010;BRASIL;BRASIL;Soja;Área Colhida;6600
MA;Chapadas do Alto Itapecuru;Quantidade Produzida;Q1;2010;BRASIL;BRASIL;Soja;Área Plantada;6600
MA;Chapadas do Alto Itapecuru;Quantidade Produzida;Q1;2010;BRASIL;BRASIL;Soja;Qtde Produzida;18350
MA;Chapadinha;Quantidade Produzida;Q1;2010;BRASIL;BRASIL;Soja;Média de Produtividade (Área Colhida);1,8
MA;Chapadinha;Quantidade Produzida;Q1;2010;BRASIL;BRASIL;Soja;Área Colhida;42830
MA;Chapadinha;Quantidade Produzida;Q1;2010;BRASIL;BRASIL;Soja;Área Plantada;42830
MA;Chapadinha;Quantidade Produzida;Q1;2010;BRASIL;BRASIL;Soja;Qtde Produzida;77094
MA;Coelho Neto;Quantidade Produzida;Q1;2010;BRASIL;BRASIL;Soja;Média de Produtividade (Área Colhida);3
MA;Coelho Neto;Quantidade Produzida;Q1;2010;BRASIL;BRASIL;Soja;Área Colhida;1050
MA;Coelho Neto;Quantidade Produzida;Q1;2010;BRASIL;BRASIL;Soja;Área Plantada;1050
MA;Coelho Neto;Quantidade Produzida;Q1;2010;BRASIL;BRASIL;Soja;Qtde Produzida;3150
MA;Gerais de Balsas;Quantidade Produzida;Q2;2010;BRASIL;BRASIL;Soja;Média de Produtividade (Área Colhida);2,794411760
MA;Gerais de Balsas;Quantidade Produzida;Q2;2010;BRASIL;BRASIL;Soja;Área Colhida;291505
MA;Gerais de Balsas;Quantidade Produzida;Q2;2010;BRASIL;BRASIL;Soja;Área Plantada;291505
MA;Gerais de Balsas;Quantidade Produzida;Q2;2010;BRASIL;BRASIL;Soja;Qtde Produzida;814585
MA;Porto Franco;Quantidade Produzida;Q1;2010;BRASIL;BRASIL;Soja;Média de Produtividade (Área Colhida);2,534361043
MA;Porto Franco;Quantidade Produzida;Q1;2010;BRASIL;BRASIL;Soja;Área Colhida;13882
MA;Porto Franco;Quantidade Produzida;Q1;2010;BRASIL;BRASIL;Soja;Área Plantada;13882
MA;Porto Franco;Quantidade Produzida;Q1;2010;BRASIL;BRASIL;Soja;Qtde Produzida;35182
MG;Alfenas;Quantidade Produzida;Q1;2010;BRASIL;BRASIL;Soja;Média de Produtividade (Área Colhida);2,326666667
MG;Alfenas;Quantidade Produzida;Q1;2010;BRASIL;BRASIL;Soja;Área Colhida;750
MG;Alfenas;Quantidade Produzida;Q1;2010;BRASIL;BRASIL;Soja;Área Plantada;750
MG;Alfenas;Quantidade Produzida;Q1;2010;BRASIL;BRASIL;Soja;Qtde Produzida;1745
MG;Andrelândia;Quantidade Produzida;Q1;2010;BRASIL;BRASIL;Soja;Média de Produtividade (Área Colhida);2,4
MG;Andrelândia;Quantidade Produzida;Q1;2010;BRASIL;BRASIL;Soja;Área Colhida;300
MG;Andrelândia;Quantidade Produzida;Q1;2010;BRASIL;BRASIL;Soja;Área Plantada;300
MG;Andrelândia;Quantidade Produzida;Q1;2010;BRASIL;BRASIL;Soja;Qtde Produzida;720
MG;Araxá;Quantidade Produzida;Q1;2010;BRASIL;BRASIL;Soja;Média de Produtividade (Área Colhida);3,023817568
MG;Araxá;Quantidade Produzida;Q1;2010;BRASIL;BRASIL;Soja;Área Colhida;118400
MG;Araxá;Quantidade Produzida;Q1;2010;BRASIL;BRASIL;Soja;Área Plantada;118400
MG;Araxá;Quantidade Produzida;Q1;2010;BRASIL;BRASIL;Soja;Qtde Produzida;358020
MG;Bom Despacho;Quantidade Produzida;Q1;2010;BRASIL;BRASIL;Soja;Média de Produtividade (Área Colhida);2,26
MG;Bom Despacho;Quantidade Produzida;Q1;2010;BRASIL;BRASIL;Soja;Área Colhida;1250
MG;Bom Despacho;Quantidade Produzida;Q1;2010;BRASIL;BRASIL;Soja;Área Plantada;1250
MG;Bom Despacho;Quantidade Produzida;Q1;2010;BRASIL;BRASIL;Soja;Qtde Produzida;2825
MG;Curvelo;Quantidade Produzida;Q1;2010;BRASIL;BRASIL;Soja;Média de Produtividade (Área Colhida);2,5
MG;Curvelo;Quantidade Produzida;Q1;2010;BRASIL;BRASIL;Soja;Área Colhida;350
MG;Curvelo;Quantidade Produzida;Q1;2010;BRASIL;BRASIL;Soja;Área Plantada;350
MG;Curvelo;Quantidade Produzida;Q1;2010;BRASIL;BRASIL;Soja;Qtde Produzida;875
MG;Diamantina;Quantidade Produzida;Q1;2010;BRASIL;BRASIL;Soja;Média de Produtividade (Área Colhida);2
MG;Diamantina;Quantidade Produzida;Q1;2010;BRASIL;BRASIL;Soja;Área Colhida;1
MG;Diamantina;Quantidade Produzida;Q1;2010;BRASIL;BRASIL;Soja;Área Plantada;1
MG;Diamantina;Quantidade Produzida;Q1;2010;BRASIL;BRASIL;Soja;Qtde Produzida;2
MG;Formiga;Quantidade Produzida;Q1;2010;BRASIL;BRASIL;Soja;Média de Produtividade (Área Colhida);3
MG;Formiga;Quantidade Produzida;Q1;2010;BRASIL;BRASIL;Soja;Área Colhida;1300
MG;Formiga;Quantidade Produzida;Q1;2010;BRASIL;BRASIL;Soja;Área Plantada;1300
MG;Formiga;Quantidade Produzida;Q1;2010;BRASIL;BRASIL;Soja;Qtde Produzida;3900
MG;Frutal;Quantidade Produzida;Q1;2010;BRASIL;BRASIL;Soja;Média de Produtividade (Área Colhida);2,959865692
MG;Frutal;Quantidade Produzida;Q1;2010;BRASIL;BRASIL;Soja;Área Colhida;25315
MG;Frutal;Quantidade Produzida;Q1;2010;BRASIL;BRASIL;Soja;Área Plantada;25315
MG;Frutal;Quantidade Produzida;Q1;2010;BRASIL;BRASIL;Soja;Qtde Produzida;74929
MG;Ituiutaba;Quantidade Produzida;Q1;2010;BRASIL;BRASIL;Soja;Média de Produtividade (Área Colhida);2,836019185
MG;Ituiutaba;Quantidade Produzida;Q1;2010;BRASIL;BRASIL;Soja;Área Colhida;41700
MG;Ituiutaba;Quantidade Produzida;Q1;2010;BRASIL;BRASIL;Soja;Área Plantada;41700
MG;Ituiutaba;Quantidade Produzida;Q1;2010;BRASIL;BRASIL;Soja;Qtde Produzida;118262
MG;Januária;Quantidade Produzida;Q1;2010;BRASIL;BRASIL;Soja;Média de Produtividade (Área Colhida);2,100907441
MG;Januária;Quantidade Produzida;Q1;2010;BRASIL;BRASIL;Soja;Área Colhida;16530
MG;Januária;Quantidade Produzida;Q1;2010;BRASIL;BRASIL;Soja;Área Plantada;16530
MG;Januária;Quantidade Produzida;Q1;2010;BRASIL;BRASIL;Soja;Qtde Produzida;34728
MG;Lavras;Quantidade Produzida;Q1;2010;BRASIL;BRASIL;Soja;Média de Produtividade (Área Colhida);2,234482759
MG;Lavras;Quantidade Produzida;Q1;2010;BRASIL;BRASIL;Soja;Área Colhida;290
MG;Lavras;Quantidade Produzida;Q1;2010;BRASIL;BRASIL;Soja;Área Plantada;290
MG;Lavras;Quantidade Produzida;Q1;2010;BRASIL;BRASIL;Soja;Qtde Produzida;648
MG;Paracatu;Quantidade Produzida;Q1;2010;BRASIL;BRASIL;Soja;Média de Produtividade (Área Colhida);2,926320755
MG;Paracatu;Quantidade Produzida;Q1;2010;BRASIL;BRASIL;Soja;Área Colhida;127200
MG;Paracatu;Quantidade Produzida;Q1;2010;BRASIL;BRASIL;Soja;Área Plantada;127200
MG;Paracatu;Quantidade Produzida;Q1;2010;BRASIL;BRASIL;Soja;Qtde Produzida;372228
MG;Passos;Quantidade Produzida;Q1;2010;BRASIL;BRASIL;Soja;Média de Produtividade (Área Colhida);2,576271186
MG;Passos;Quantidade Produzida;Q1;2010;BRASIL;BRASIL;Soja;Área Colhida;2950
MG;Passos;Quantidade Produzida;Q1;2010;BRASIL;BRASIL;Soja;Área Plantada;2950
MG;Passos;Quantidade Produzida;Q1;2010;BRASIL;BRASIL;Soja;Qtde Produzida;7600
MG;Patos de Minas;Quantidade Produzida;Q1;2010;BRASIL;BRASIL;Soja;Média de Produtividade (Área Colhida);2,807896160
MG;Patos de Minas;Quantidade Produzida;Q1;2010;BRASIL;BRASIL;Soja;Área Colhida;18490
MG;Patos de Minas;Quantidade Produzida;Q1;2010;BRASIL;BRASIL;Soja;Área Plantada;18490
MG;Patos de Minas;Quantidade Produzida;Q1;2010;BRASIL;BRASIL;Soja;Qtde Produzida;51918
MG;Patrocínio;Quantidade Produzida;Q1;2010;BRASIL;BRASIL;Soja;Média de Produtividade (Área Colhida);3,043514377
MG;Patrocínio;Quantidade Produzida;Q1;2010;BRASIL;BRASIL;Soja;Área Colhida;78250
MG;Patrocínio;Quantidade Produzida;Q1;2010;BRASIL;BRASIL;Soja;Área Plantada;78250
MG;Patrocínio;Quantidade Produzida;Q1;2010;BRASIL;BRASIL;Soja;Qtde Produzida;238155
MG;Pirapora;Quantidade Produzida;Q1;2010;BRASIL;BRASIL;Soja;Média de Produtividade (Área Colhida);3,303552207
MG;Pirapora;Quantidade Produzida;Q1;2010;BRASIL;BRASIL;Soja;Área Colhida;18580
MG;Pirapora;Quantidade Produzida;Q1;2010;BRASIL;BRASIL;Soja;Área Plantada;18580
MG;Pirapora;Quantidade Produzida;Q1;2010;BRASIL;BRASIL;Soja;Qtde Produzida;61380
MG;Piuí;Quantidade Produzida;Q1;2010;BRASIL;BRASIL;Soja;Média de Produtividade (Área Colhida);2,432158590
MG;Piuí;Quantidade Produzida;Q1;2010;BRASIL;BRASIL;Soja;Área Colhida;4540
MG;Piuí;Quantidade Produzida;Q1;2010;BRASIL;BRASIL;Soja;Área Plantada;4680
MG;Piuí;Quantidade Produzida;Q1;2010;BRASIL;BRASIL;Soja;Qtde Produzida;11042
MG;Ponte Nova;Quantidade Produzida;Q1;2010;BRASIL;BRASIL;Soja;Média de Produtividade (Área Colhida);2,3
MG;Ponte Nova;Quantidade Produzida;Q1;2010;BRASIL;BRASIL;Soja;Área Colhida;310
MG;Ponte Nova;Quantidade Produzida;Q1;2010;BRASIL;BRASIL;Soja;Área Plantada;310
MG;Ponte Nova;Quantidade Produzida;Q1;2010;BRASIL;BRASIL;Soja;Qtde Produzida;713
MG;Santa Rita do Sapucaí;Quantidade Produzida;Q1;2010;BRASIL;BRASIL;Soja;Média de Produtividade (Área Colhida);2,4
MG;Santa Rita do Sapucaí;Quantidade Produzida;Q1;2010;BRASIL;BRASIL;Soja;Área Colhida;750
MG;Santa Rita do Sapucaí;Quantidade Produzida;Q1;2010;BRASIL;BRASIL;Soja;Área Plantada;750
MG;Santa Rita do Sapucaí;Quantidade Produzida;Q1;2010;BRASIL;BRASIL;Soja;Qtde Produzida;1800
MG;São João Del Rei;Quantidade Produzida;Q1;2010;BRASIL;BRASIL;Soja;Média de Produtividade (Área Colhida);2,458333333
MG;São João Del Rei;Quantidade Produzida;Q1;2010;BRASIL;BRASIL;Soja;Área Colhida;2160
MG;São João Del Rei;Quantidade Produzida;Q1;2010;BRASIL;BRASIL;Soja;Área Plantada;2160
MG;São João Del Rei;Quantidade Produzida;Q1;2010;BRASIL;BRASIL;Soja;Qtde Produzida;5310
MG;São Lourenço;Quantidade Produzida;Q1;2010;BRASIL;BRASIL;Soja;Média de Produtividade (Área Colhida);2,2
MG;São Lourenço;Quantidade Produzida;Q1;2010;BRASIL;BRASIL;Soja;Área Colhida;700
MG;São Lourenço;Quantidade Produzida;Q1;2010;BRASIL;BRASIL;Soja;Área Plantada;700
MG;São Lourenço;Quantidade Produzida;Q1;2010;BRASIL;BRASIL;Soja;Qtde Produzida;1540
MG;São Sebastião do Paraíso;Quantidade Produzida;Q1;2010;BRASIL;BRASIL;Soja;Média de Produtividade (Área Colhida);2,798802395
MG;São Sebastião do Paraíso;Quantidade Produzida;Q1;2010;BRASIL;BRASIL;Soja;Área Colhida;835
MG;São Sebastião do Paraíso;Quantidade Produzida;Q1;2010;BRASIL;BRASIL;Soja;Área Plantada;835
MG;São Sebastião do Paraíso;Quantidade Produzida;Q1;2010;BRASIL;BRASIL;Soja;Qtde Produzida;2337
MG;Sete Lagoas;Quantidade Produzida;Q1;2010;BRASIL;BRASIL;Soja;Média de Produtividade (Área Colhida);2,519230769
MG;Sete Lagoas;Quantidade Produzida;Q1;2010;BRASIL;BRASIL;Soja;Área Colhida;520
MG;Sete Lagoas;Quantidade Produzida;Q1;2010;BRASIL;BRASIL;Soja;Área Plantada;520
MG;Sete Lagoas;Quantidade Produzida;Q1;2010;BRASIL;BRASIL;Soja;Qtde Produzida;1310
MG;Três Marias;Quantidade Produzida;Q1;2010;BRASIL;BRASIL;Soja;Média de Produtividade (Área Colhida);3,236842105
MG;Três Marias;Quantidade Produzida;Q1;2010;BRASIL;BRASIL;Soja;Área Colhida;950
MG;Três Marias;Quantidade Produzida;Q1;2010;BRASIL;BRASIL;Soja;Área Plantada;950
MG;Três Marias;Quantidade Produzida;Q1;2010;BRASIL;BRASIL;Soja;Qtde Produzida;3075
MG;Uberaba;Quantidade Produzida;Q1;2010;BRASIL;BRASIL;Soja;Média de Produtividade (Área Colhida);2,952158969
MG;Uberaba;Quantidade Produzida;Q1;2010;BRASIL;BRASIL;Soja;Área Colhida;139650
MG;Uberaba;Quantidade Produzida;Q1;2010;BRASIL;BRASIL;Soja;Área Plantada;139650
MG;Uberaba;Quantidade Produzida;Q1;2010;BRASIL;BRASIL;Soja;Qtde Produzida;412269
MG;Uberlândia;Quantidade Produzida;Q2;2010;BRASIL;BRASIL;Soja;Média de Produtividade (Área Colhida);2,974813111
MG;Uberlândia;Quantidade Produzida;Q2;2010;BRASIL;BRASIL;Soja;Área Colhida;173900
MG;Uberlândia;Quantidade Produzida;Q2;2010;BRASIL;BRASIL;Soja;Área Plantada;173900
MG;Uberlândia;Quantidade Produzida;Q2;2010;BRASIL;BRASIL;Soja;Qtde Produzida;517320
MG;Unaí;Quantidade Produzida;Q2;2010;BRASIL;BRASIL;Soja;Média de Produtividade (Área Colhida);2,524837521
MG;Unaí;Quantidade Produzida;Q2;2010;BRASIL;BRASIL;Soja;Área Colhida;241570
MG;Unaí;Quantidade Produzida;Q2;2010;BRASIL;BRASIL;Soja;Área Plantada;241570
MG;Unaí;Quantidade Produzida;Q2;2010;BRASIL;BRASIL;Soja;Qtde Produzida;609925
MG;Varginha;Quantidade Produzida;Q1;2010;BRASIL;BRASIL;Soja;Média de Produtividade (Área Colhida);2,569381107
MG;Varginha;Quantidade Produzida;Q1;2010;BRASIL;BRASIL;Soja;Área Colhida;3070
MG;Varginha;Quantidade Produzida;Q1;2010;BRASIL;BRASIL;Soja;Área Plantada;3070
MG;Varginha;Quantidade Produzida;Q1;2010;BRASIL;BRASIL;Soja;Qtde Produzida;7888
MS;Alto Taquari;Quantidade Produzida;Q2;2010;BRASIL;BRASIL;Soja;Média de Produtividade (Área Colhida);3,075892158
MS;Alto Taquari;Quantidade Produzida;Q2;2010;BRASIL;BRASIL;Soja;Área Colhida;204448
MS;Alto Taquari;Quantidade Produzida;Q2;2010;BRASIL;BRASIL;Soja;Área Plantada;204448
MS;Alto Taquari;Quantidade Produzida;Q2;2010;BRASIL;BRASIL;Soja;Qtde Produzida;628860
MS;Aquidauana;Quantidade Produzida;Q1;2010;BRASIL;BRASIL;Soja;Média de Produtividade (Área Colhida);2,875
MS;Aquidauana;Quantidade Produzida;Q1;2010;BRASIL;BRASIL;Soja;Área Colhida;240
MS;Aquidauana;Quantidade Produzida;Q1;2010;BRASIL;BRASIL;Soja;Área Plantada;265
MS;Aquidauana;Quantidade Produzida;Q1;2010;BRASIL;BRASIL;Soja;Qtde Produzida;690
MS;Bodoquena;Quantidade Produzida;Q1;2010;BRASIL;BRASIL;Soja;Média de Produtividade (Área Colhida);2,847684391
MS;Bodoquena;Quantidade Produzida;Q1;2010;BRASIL;BRASIL;Soja;Área Colhida;29150
MS;Bodoquena;Quantidade Produzida;Q1;2010;BRASIL;BRASIL;Soja;Área Plantada;29150
MS;Bodoquena;Quantidade Produzida;Q1;2010;BRASIL;BRASIL;Soja;Qtde Produzida;83010
MS;Campo Grande;Quantidade Produzida;Q2;2010;BRASIL;BRASIL;Soja;Média de Produtividade (Área Colhida);2,976125294
MS;Campo Grande;Quantidade Produzida;Q2;2010;BRASIL;BRASIL;Soja;Área Colhida;157070
MS;Campo Grande;Quantidade Produzida;Q2;2010;BRASIL;BRASIL;Soja;Área Plantada;157070
MS;Campo Grande;Quantidade Produzida;Q2;2010;BRASIL;BRASIL;Soja;Qtde Produzida;467460
MS;Cassilândia;Quantidade Produzida;Q2;2010;BRASIL;BRASIL;Soja;Média de Produtividade (Área Colhida);3,262135922
MS;Cassilândia;Quantidade Produzida;Q2;2010;BRASIL;BRASIL;Soja;Área Colhida;154500
MS;Cassilândia;Quantidade Produzida;Q2;2010;BRASIL;BRASIL;Soja;Área Plantada;154500
MS;Cassilândia;Quantidade Produzida;Q2;2010;BRASIL;BRASIL;Soja;Qtde Produzida;504000
MS;Dourados;Quantidade Produzida;Q4;2010;BRASIL;BRASIL;Soja;Média de Produtividade (Área Colhida);3,091435806
MS;Dourados;Quantidade Produzida;Q4;2010;BRASIL;BRASIL;Soja;Área Colhida;1007100
MS;Dourados;Quantidade Produzida;Q4;2010;BRASIL;BRASIL;Soja;Área Plantada;1007100
MS;Dourados;Quantidade Produzida;Q4;2010;BRASIL;BRASIL;Soja;Qtde Produzida;3113385
MS;Iguatemi;Quantidade Produzida;Q2;2010;BRASIL;BRASIL;Soja;Média de Produtividade (Área Colhida);3,043820927
MS;Iguatemi;Quantidade Produzida;Q2;2010;BRASIL;BRASIL;Soja;Área Colhida;145661
MS;Iguatemi;Quantidade Produzida;Q2;2010;BRASIL;BRASIL;Soja;Área Plantada;145831
MS;Iguatemi;Quantidade Produzida;Q2;2010;BRASIL;BRASIL;Soja;Qtde Produzida;443366
MS;Nova Andradina;Quantidade Produzida;Q1;2010;BRASIL;BRASIL;Soja;Média de Produtividade (Área Colhida);3,318255142
MS;Nova Andradina;Quantidade Produzida;Q1;2010;BRASIL;BRASIL;Soja;Área Colhida;14878
MS;Nova Andradina;Quantidade Produzida;Q1;2010;BRASIL;BRASIL;Soja;Área Plantada;14878
MS;Nova Andradina;Quantidade Produzida;Q1;2010;BRASIL;BRASIL;Soja;Qtde Produzida;49369
MS;Paranaíba;Quantidade Produzida;Q1;2010;BRASIL;BRASIL;Soja;Média de Produtividade (Área Colhida);3,006153846
MS;Paranaíba;Quantidade Produzida;Q1;2010;BRASIL;BRASIL;Soja;Área Colhida;650
MS;Paranaíba;Quantidade Produzida;Q1;2010;BRASIL;BRASIL;Soja;Área Plantada;650
MS;Paranaíba;Quantidade Produzida;Q1;2010;BRASIL;BRASIL;Soja;Qtde Produzida;1954
MS;Três Lagoas;Quantidade Produzida;Q1;2010;BRASIL;BRASIL;Soja;Média de Produtividade (Área Colhida);2,600430108
MS;Três Lagoas;Quantidade Produzida;Q1;2010;BRASIL;BRASIL;Soja;Área Colhida;18600
MS;Três Lagoas;Quantidade Produzida;Q1;2010;BRASIL;BRASIL;Soja;Área Plantada;18600
MS;Três Lagoas;Quantidade Produzida;Q1;2010;BRASIL;BRASIL;Soja;Qtde Produzida;48368
MT;Alta Floresta;Quantidade Produzida;Q1;2010;BRASIL;BRASIL;Soja;Média de Produtividade (Área Colhida);3
MT;Alta Floresta;Quantidade Produzida;Q1;2010;BRASIL;BRASIL;Soja;Área Colhida;431
MT;Alta Floresta;Quantidade Produzida;Q1;2010;BRASIL;BRASIL;Soja;Área Plantada;431
MT;Alta Floresta;Quantidade Produzida;Q1;2010;BRASIL;BRASIL;Soja;Qtde Produzida;1293
MT;Alto Araguaia;Quantidade Produzida;Q2;2010;BRASIL;BRASIL;Soja;Média de Produtividade (Área Colhida);2,860691145
MT;Alto Araguaia;Quantidade Produzida;Q2;2010;BRASIL;BRASIL;Soja;Área Colhida;148160
MT;Alto Araguaia;Quantidade Produzida;Q2;2010;BRASIL;BRASIL;Soja;Área Plantada;148160
MT;Alto Araguaia;Quantidade Produzida;Q2;2010;BRASIL;BRASIL;Soja;Qtde Produzida;423840
MT;Alto Guaporé;Quantidade Produzida;Q1;2010;BRASIL;BRASIL;Soja;Média de Produtividade (Área Colhida);3,056353591
MT;Alto Guaporé;Quantidade Produzida;Q1;2010;BRASIL;BRASIL;Soja;Área Colhida;18100
MT;Alto Guaporé;Quantidade Produzida;Q1;2010;BRASIL;BRASIL;Soja;Área Plantada;18100
MT;Alto Guaporé;Quantidade Produzida;Q1;2010;BRASIL;BRASIL;Soja;Qtde Produzida;55320
MT;Alto Pantanal;Quantidade Produzida;Q1;2010;BRASIL;BRASIL;Soja;Média de Produtividade (Área Colhida);3,3
MT;Alto Pantanal;Quantidade Produzida;Q1;2010;BRASIL;BRASIL;Soja;Área Colhida;3500
MT;Alto Pantanal;Quantidade Produzida;Q1;2010;BRASIL;BRASIL;Soja;Área Plantada;3500
MT;Alto Pantanal;Quantidade Produzida;Q1;2010;BRASIL;BRASIL;Soja;Qtde Produzida;11550
MT;Alto Paraguai;Quantidade Produzida;Q1;2010;BRASIL;BRASIL;Soja;Média de Produtividade (Área Colhida);3,052603972
MT;Alto Paraguai;Quantidade Produzida;Q1;2010;BRASIL;BRASIL;Soja;Área Colhida;26690
MT;Alto Paraguai;Quantidade Produzida;Q1;2010;BRASIL;BRASIL;Soja;Área Plantada;26690
MT;Alto Paraguai;Quantidade Produzida;Q1;2010;BRASIL;BRASIL;Soja;Qtde Produzida;81474
MT;Alto Teles Pires;Quantidade Produzida;Q4;2010;BRASIL;BRASIL;Soja;Média de Produtividade (Área Colhida);3,064182744
MT;Alto Teles Pires;Quantidade Produzida;Q4;2010;BRASIL;BRASIL;Soja;Área Colhida;1923087
MT;Alto Teles Pires;Quantidade Produzida;Q4;2010;BRASIL;BRASIL;Soja;Área Plantada;1923087
MT;Alto Teles Pires;Quantidade Produzida;Q4;2010;BRASIL;BRASIL;Soja;Qtde Produzida;5892690
MT;Arinos;Quantidade Produzida;Q2;2010;BRASIL;BRASIL;Soja;Média de Produtividade (Área Colhida);3,130541854
MT;Arinos;Quantidade Produzida;Q2;2010;BRASIL;BRASIL;Soja;Área Colhida;280592
MT;Arinos;Quantidade Produzida;Q2;2010;BRASIL;BRASIL;Soja;Área Plantada;280592
MT;Arinos;Quantidade Produzida;Q2;2010;BRASIL;BRASIL;Soja;Qtde Produzida;878405
MT;Aripuanã;Quantidade Produzida;Q2;2010;BRASIL;BRASIL;Soja;Média de Produtividade (Área Colhida);2,700002562
MT;Aripuanã;Quantidade Produzida;Q2;2010;BRASIL;BRASIL;Soja;Área Colhida;156108
MT;Aripuanã;Quantidade Produzida;Q2;2010;BRASIL;BRASIL;Soja;Área Plantada;156108
MT;Aripuanã;Quantidade Produzida;Q2;2010;BRASIL;BRASIL;Soja;Qtde Produzida;421492
MT;Canarana;Quantidade Produzida;Q3;2010;BRASIL;BRASIL;Soja;Média de Produtividade (Área Colhida);3,133557557
MT;Canarana;Quantidade Produzida;Q3;2010;BRASIL;BRASIL;Soja;Área Colhida;604159
MT;Canarana;Quantidade Produzida;Q3;2010;BRASIL;BRASIL;Soja;Área Plantada;604159
MT;Canarana;Quantidade Produzida;Q3;2010;BRASIL;BRASIL;Soja;Qtde Produzida;1893167
MT;Colíder;Quantidade Produzida;Q1;2010;BRASIL;BRASIL;Soja;Média de Produtividade (Área Colhida);3,107234783
MT;Colíder;Quantidade Produzida;Q1;2010;BRASIL;BRASIL;Soja;Área Colhida;28750
MT;Colíder;Quantidade Produzida;Q1;2010;BRASIL;BRASIL;Soja;Área Plantada;28750
MT;Colíder;Quantidade Produzida;Q1;2010;BRASIL;BRASIL;Soja;Qtde Produzida;89333
MT;Cuiabá;Quantidade Produzida;Q1;2010;BRASIL;BRASIL;Soja;Média de Produtividade (Área Colhida);3,015387802
MT;Cuiabá;Quantidade Produzida;Q1;2010;BRASIL;BRASIL;Soja;Área Colhida;33793
MT;Cuiabá;Quantidade Produzida;Q1;2010;BRASIL;BRASIL;Soja;Área Plantada;33793
MT;Cuiabá;Quantidade Produzida;Q1;2010;BRASIL;BRASIL;Soja;Qtde Produzida;101899
MT;Jauru;Quantidade Produzida;Q1;2010;BRASIL;BRASIL;Soja;Média de Produtividade (Área Colhida);3,300330033
MT;Jauru;Quantidade Produzida;Q1;2010;BRASIL;BRASIL;Soja;Área Colhida;1515
MT;Jauru;Quantidade Produzida;Q1;2010;BRASIL;BRASIL;Soja;Área Plantada;1515
MT;Jauru;Quantidade Produzida;Q1;2010;BRASIL;BRASIL;Soja;Qtde Produzida;5000
MT;Médio Araguaia;Quantidade Produzida;Q1;2010;BRASIL;BRASIL;Soja;Média de Produtividade (Área Colhida);2,8
MT;Médio Araguaia;Quantidade Produzida;Q1;2010;BRASIL;BRASIL;Soja;Área Colhida;17530
MT;Médio Araguaia;Quantidade Produzida;Q1;2010;BRASIL;BRASIL;Soja;Área Plantada;17530
MT;Médio Araguaia;Quantidade Produzida;Q1;2010;BRASIL;BRASIL;Soja;Qtde Produzida;49084
MT;Norte Araguaia;Quantidade Produzida;Q1;2010;BRASIL;BRASIL;Soja;Média de Produtividade (Área Colhida);3,070699156
MT;Norte Araguaia;Quantidade Produzida;Q1;2010;BRASIL;BRASIL;Soja;Área Colhida;119959
MT;Norte Araguaia;Quantidade Produzida;Q1;2010;BRASIL;BRASIL;Soja;Área Plantada;119959
MT;Norte Araguaia;Quantidade Produzida;Q1;2010;BRASIL;BRASIL;Soja;Qtde Produzida;368358
MT;Paranatinga;Quantidade Produzida;Q2;2010;BRASIL;BRASIL;Soja;Média de Produtividade (Área Colhida);2,899857854
MT;Paranatinga;Quantidade Produzida;Q2;2010;BRASIL;BRASIL;Soja;Área Colhida;156178
MT;Paranatinga;Quantidade Produzida;Q2;2010;BRASIL;BRASIL;Soja;Área Plantada;156178
MT;Paranatinga;Quantidade Produzida;Q2;2010;BRASIL;BRASIL;Soja;Qtde Produzida;452894
MT;Parecis;Quantidade Produzida;Q4;2010;BRASIL;BRASIL;Soja;Média de Produtividade (Área Colhida);2,862209654
MT;Parecis;Quantidade Produzida;Q4;2010;BRASIL;BRASIL;Soja;Área Colhida;1233831
MT;Parecis;Quantidade Produzida;Q4;2010;BRASIL;BRASIL;Soja;Área Plantada;1233831
MT;Parecis;Quantidade Produzida;Q4;2010;BRASIL;BRASIL;Soja;Qtde Produzida;3531483
MT;Primavera do Leste;Quantidade Produzida;Q3;2010;BRASIL;BRASIL;Soja;Média de Produtividade (Área Colhida);3,151230064
MT;Primavera do Leste;Quantidade Produzida;Q3;2010;BRASIL;BRASIL;Soja;Área Colhida;383720
MT;Primavera do Leste;Quantidade Produzida;Q3;2010;BRASIL;BRASIL;Soja;Área Plantada;383720
MT;Primavera do Leste;Quantidade Produzida;Q3;2010;BRASIL;BRASIL;Soja;Qtde Produzida;1209190
MT;Rondonópolis;Quantidade Produzida;Q3;2010;BRASIL;BRASIL;Soja;Média de Produtividade (Área Colhida);2,998814783
MT;Rondonópolis;Quantidade Produzida;Q3;2010;BRASIL;BRASIL;Soja;Área Colhida;414270
MT;Rondonópolis;Quantidade Produzida;Q3;2010;BRASIL;BRASIL;Soja;Área Plantada;414270
MT;Rondonópolis;Quantidade Produzida;Q3;2010;BRASIL;BRASIL;Soja;Qtde Produzida;1242319
MT;Rosário Oeste;Quantidade Produzida;Q1;2010;BRASIL;BRASIL;Soja;Média de Produtividade (Área Colhida);3
MT;Rosário Oeste;Quantidade Produzida;Q1;2010;BRASIL;BRASIL;Soja;Área Colhida;6500
MT;Rosário Oeste;Quantidade Produzida;Q1;2010;BRASIL;BRASIL;Soja;Área Plantada;6500
MT;Rosário Oeste;Quantidade Produzida;Q1;2010;BRASIL;BRASIL;Soja;Qtde Produzida;19500
MT;Sinop;Quantidade Produzida;Q3;2010;BRASIL;BRASIL;Soja;Média de Produtividade (Área Colhida);3,086193651
MT;Sinop;Quantidade Produzida;Q3;2010;BRASIL;BRASIL;Soja;Área Colhida;397013
MT;Sinop;Quantidade Produzida;Q3;2010;BRASIL;BRASIL;Soja;Área Plantada;397013
MT;Sinop;Quantidade Produzida;Q3;2010;BRASIL;BRASIL;Soja;Qtde Produzida;1225259
MT;Tangará da Serra;Quantidade Produzida;Q1;2010;BRASIL;BRASIL;Soja;Média de Produtividade (Área Colhida);2,971785264
MT;Tangará da Serra;Quantidade Produzida;Q1;2010;BRASIL;BRASIL;Soja;Área Colhida;53908
MT;Tangará da Serra;Quantidade Produzida;Q1;2010;BRASIL;BRASIL;Soja;Área Plantada;54500
MT;Tangará da Serra;Quantidade Produzida;Q1;2010;BRASIL;BRASIL;Soja;Qtde Produzida;160203
MT;Tesouro;Quantidade Produzida;Q2;2010;BRASIL;BRASIL;Soja;Média de Produtividade (Área Colhida);3,082576444
MT;Tesouro;Quantidade Produzida;Q2;2010;BRASIL;BRASIL;Soja;Área Colhida;218658
MT;Tesouro;Quantidade Produzida;Q2;2010;BRASIL;BRASIL;Soja;Área Plantada;218658
MT;Tesouro;Quantidade Produzida;Q2;2010;BRASIL;BRASIL;Soja;Qtde Produzida;674030
PA;Altamira;Quantidade Produzida;Q1;2010;BRASIL;BRASIL;Soja;Média de Produtividade (Área Colhida);2,522950820
PA;Altamira;Quantidade Produzida;Q1;2010;BRASIL;BRASIL;Soja;Área Colhida;610
PA;Altamira;Quantidade Produzida;Q1;2010;BRASIL;BRASIL;Soja;Área Plantada;610
PA;Altamira;Quantidade Produzida;Q1;2010;BRASIL;BRASIL;Soja;Qtde Produzida;1539
PA;Conceição do Araguaia;Quantidade Produzida;Q1;2010;BRASIL;BRASIL;Soja;Média de Produtividade (Área Colhida);3,198979592
PA;Conceição do Araguaia;Quantidade Produzida;Q1;2010;BRASIL;BRASIL;Soja;Área Colhida;9800
PA;Conceição do Araguaia;Quantidade Produzida;Q1;2010;BRASIL;BRASIL;Soja;Área Plantada;9800
PA;Conceição do Araguaia;Quantidade Produzida;Q1;2010;BRASIL;BRASIL;Soja;Qtde Produzida;31350
PA;Itaituba;Quantidade Produzida;Q1;2010;BRASIL;BRASIL;Soja;Média de Produtividade (Área Colhida);2,7
PA;Itaituba;Quantidade Produzida;Q1;2010;BRASIL;BRASIL;Soja;Área Colhida;70
PA;Itaituba;Quantidade Produzida;Q1;2010;BRASIL;BRASIL;Soja;Área Plantada;70
PA;Itaituba;Quantidade Produzida;Q1;2010;BRASIL;BRASIL;Soja;Qtde Produzida;189
PA;Paragominas;Quantidade Produzida;Q1;2010;BRASIL;BRASIL;Soja;Média de Produtividade (Área Colhida);2,874275044
PA;Paragominas;Quantidade Produzida;Q1;2010;BRASIL;BRASIL;Soja;Área Colhida;45520
PA;Paragominas;Quantidade Produzida;Q1;2010;BRASIL;BRASIL;Soja;Área Plantada;45520
PA;Paragominas;Quantidade Produzida;Q1;2010;BRASIL;BRASIL;Soja;Qtde Produzida;130837
PA;Redenção;Quantidade Produzida;Q1;2010;BRASIL;BRASIL;Soja;Média de Produtividade (Área Colhida);2,833333333
PA;Redenção;Quantidade Produzida;Q1;2010;BRASIL;BRASIL;Soja;Área Colhida;750
PA;Redenção;Quantidade Produzida;Q1;2010;BRASIL;BRASIL;Soja;Área Plantada;750
PA;Redenção;Quantidade Produzida;Q1;2010;BRASIL;BRASIL;Soja;Qtde Produzida;2125
PA;Santarém;Quantidade Produzida;Q1;2010;BRASIL;BRASIL;Soja;Média de Produtividade (Área Colhida);2,7
PA;Santarém;Quantidade Produzida;Q1;2010;BRASIL;BRASIL;Soja;Área Colhida;28580
PA;Santarém;Quantidade Produzida;Q1;2010;BRASIL;BRASIL;Soja;Área Plantada;28580
PA;Santarém;Quantidade Produzida;Q1;2010;BRASIL;BRASIL;Soja;Qtde Produzida;77166
PA;Tomé-Açu;Quantidade Produzida;Q1;2010;BRASIL;BRASIL;Soja;Média de Produtividade (Área Colhida);3,416666667
PA;Tomé-Açu;Quantidade Produzida;Q1;2010;BRASIL;BRASIL;Soja;Área Colhida;120
PA;Tomé-Açu;Quantidade Produzida;Q1;2010;BRASIL;BRASIL;Soja;Área Plantada;120
PA;Tomé-Açu;Quantidade Produzida;Q1;2010;BRASIL;BRASIL;Soja;Qtde Produzida;410
PI;Alto Médio Gurguéia;Quantidade Produzida;Q1;2010;BRASIL;BRASIL;Soja;Média de Produtividade (Área Colhida);2,192797039
PI;Alto Médio Gurguéia;Quantidade Produzida;Q1;2010;BRASIL;BRASIL;Soja;Área Colhida;93767
PI;Alto Médio Gurguéia;Quantidade Produzida;Q1;2010;BRASIL;BRASIL;Soja;Área Plantada;93767
PI;Alto Médio Gurguéia;Quantidade Produzida;Q1;2010;BRASIL;BRASIL;Soja;Qtde Produzida;205612
PI;Alto Parnaíba Piauiense;Quantidade Produzida;Q2;2010;BRASIL;BRASIL;Soja;Média de Produtividade (Área Colhida);2,643332416
PI;Alto Parnaíba Piauiense;Quantidade Produzida;Q2;2010;BRASIL;BRASIL;Soja;Área Colhida;228891
PI;Alto Parnaíba Piauiense;Quantidade Produzida;Q2;2010;BRASIL;BRASIL;Soja;Área Plantada;228891
PI;Alto Parnaíba Piauiense;Quantidade Produzida;Q2;2010;BRASIL;BRASIL;Soja;Qtde Produzida;605035
PI;Bertolínia;Quantidade Produzida;Q1;2010;BRASIL;BRASIL;Soja;Média de Produtividade (Área Colhida);2,905065793
PI;Bertolínia;Quantidade Produzida;Q1;2010;BRASIL;BRASIL;Soja;Área Colhida;17707
PI;Bertolínia;Quantidade Produzida;Q1;2010;BRASIL;BRASIL;Soja;Área Plantada;17707
PI;Bertolínia;Quantidade Produzida;Q1;2010;BRASIL;BRASIL;Soja;Qtde Produzida;51440
PI;Chapadas do Extremo Sul Piauiense;Quantidade Produzida;Q1;2010;BRASIL;BRASIL;Soja;Média de Produtividade (Área Colhida);2,221908792
PI;Chapadas do Extremo Sul Piauiense;Quantidade Produzida;Q1;2010;BRASIL;BRASIL;Soja;Área Colhida;2127
PI;Chapadas do Extremo Sul Piauiense;Quantidade Produzida;Q1;2010;BRASIL;BRASIL;Soja;Área Plantada;2127
PI;Chapadas do Extremo Sul Piauiense;Quantidade Produzida;Q1;2010;BRASIL;BRASIL;Soja;Qtde Produzida;4726
PI;Médio Parnaíba Piauiense;Quantidade Produzida;Q1;2010;BRASIL;BRASIL;Soja;Média de Produtividade (Área Colhida);2,8
PI;Médio Parnaíba Piauiense;Quantidade Produzida;Q1;2010;BRASIL;BRASIL;Soja;Área Colhida;600
PI;Médio Parnaíba Piauiense;Quantidade Produzida;Q1;2010;BRASIL;BRASIL;Soja;Área Plantada;600
PI;Médio Parnaíba Piauiense;Quantidade Produzida;Q1;2010;BRASIL;BRASIL;Soja;Qtde Produzida;1680
PR;Apucarana;Quantidade Produzida;Q1;2010;BRASIL;BRASIL;Soja;Média de Produtividade (Área Colhida);2,865474061
PR;Apucarana;Quantidade Produzida;Q1;2010;BRASIL;BRASIL;Soja;Área Colhida;83850
PR;Apucarana;Quantidade Produzida;Q1;2010;BRASIL;BRASIL;Soja;Área Plantada;83850
PR;Apucarana;Quantidade Produzida;Q1;2010;BRASIL;BRASIL;Soja;Qtde Produzida;240270
PR;Assaí;Quantidade Produzida;Q1;2010;BRASIL;BRASIL;Soja;Média de Produtividade (Área Colhida);3,041848511
PR;Assaí;Quantidade Produzida;Q1;2010;BRASIL;BRASIL;Soja;Área Colhida;82488
PR;Assaí;Quantidade Produzida;Q1;2010;BRASIL;BRASIL;Soja;Área Plantada;82488
PR;Assaí;Quantidade Produzida;Q1;2010;BRASIL;BRASIL;Soja;Qtde Produzida;250916
PR;Astorga;Quantidade Produzida;Q1;2010;BRASIL;BRASIL;Soja;Média de Produtividade (Área Colhida);3,089033161
PR;Astorga;Quantidade Produzida;Q1;2010;BRASIL;BRASIL;Soja;Área Colhida;82868
PR;Astorga;Quantidade Produzida;Q1;2010;BRASIL;BRASIL;Soja;Área Plantada;82868
PR;Astorga;Quantidade Produzida;Q1;2010;BRASIL;BRASIL;Soja;Qtde Produzida;255982
PR;Campo Mourão;Quantidade Produzida;Q3;2010;BRASIL;BRASIL;Soja;Média de Produtividade (Área Colhida);3,137102915
PR;Campo Mourão;Quantidade Produzida;Q3;2010;BRASIL;BRASIL;Soja;Área Colhida;320460
PR;Campo Mourão;Quantidade Produzida;Q3;2010;BRASIL;BRASIL;Soja;Área Plantada;320460
PR;Campo Mourão;Quantidade Produzida;Q3;2010;BRASIL;BRASIL;Soja;Qtde Produzida;1005316
PR;Capanema;Quantidade Produzida;Q1;2010;BRASIL;BRASIL;Soja;Média de Produtividade (Área Colhida);3,223051410
PR;Capanema;Quantidade Produzida;Q1;2010;BRASIL;BRASIL;Soja;Área Colhida;90450
PR;Capanema;Quantidade Produzida;Q1;2010;BRASIL;BRASIL;Soja;Área Plantada;90450
PR;Capanema;Quantidade Produzida;Q1;2010;BRASIL;BRASIL;Soja;Qtde Produzida;291525
PR;Cascavel;Quantidade Produzida;Q3;2010;BRASIL;BRASIL;Soja;Média de Produtividade (Área Colhida);3,300894845
PR;Cascavel;Quantidade Produzida;Q3;2010;BRASIL;BRASIL;Soja;Área Colhida;332907
PR;Cascavel;Quantidade Produzida;Q3;2010;BRASIL;BRASIL;Soja;Área Plantada;332907
PR;Cascavel;Quantidade Produzida;Q3;2010;BRASIL;BRASIL;Soja;Qtde Produzida;1098891
PR;Cerro Azul;Quantidade Produzida;Q1;2010;BRASIL;BRASIL;Soja;Média de Produtividade (Área Colhida);2,849180328
PR;Cerro Azul;Quantidade Produzida;Q1;2010;BRASIL;BRASIL;Soja;Área Colhida;610
PR;Cerro Azul;Quantidade Produzida;Q1;2010;BRASIL;BRASIL;Soja;Área Plantada;610
PR;Cerro Azul;Quantidade Produzida;Q1;2010;BRASIL;BRASIL;Soja;Qtde Produzida;1738
PR;Cianorte;Quantidade Produzida;Q1;2010;BRASIL;BRASIL;Soja;Média de Produtividade (Área Colhida);3,021586696
PR;Cianorte;Quantidade Produzida;Q1;2010;BRASIL;BRASIL;Soja;Área Colhida;47205
PR;Cianorte;Quantidade Produzida;Q1;2010;BRASIL;BRASIL;Soja;Área Plantada;47205
PR;Cianorte;Quantidade Produzida;Q1;2010;BRASIL;BRASIL;Soja;Qtde Produzida;142634
PR;Cornélio Procópio;Quantidade Produzida;Q2;2010;BRASIL;BRASIL;Soja;Média de Produtividade (Área Colhida);2,980144102
PR;Cornélio Procópio;Quantidade Produzida;Q2;2010;BRASIL;BRASIL;Soja;Área Colhida;202912
PR;Cornélio Procópio;Quantidade Produzida;Q2;2010;BRASIL;BRASIL;Soja;Área Plantada;202912
PR;Cornélio Procópio;Quantidade Produzida;Q2;2010;BRASIL;BRASIL;Soja;Qtde Produzida;604707
PR;Curitiba;Quantidade Produzida;Q1;2010;BRASIL;BRASIL;Soja;Média de Produtividade (Área Colhida);3,068886576
PR;Curitiba;Quantidade Produzida;Q1;2010;BRASIL;BRASIL;Soja;Área Colhida;14415
PR;Curitiba;Quantidade Produzida;Q1;2010;BRASIL;BRASIL;Soja;Área Plantada;14415
PR;Curitiba;Quantidade Produzida;Q1;2010;BRASIL;BRASIL;Soja;Qtde Produzida;44238
PR;Faxinal;Quantidade Produzida;Q1;2010;BRASIL;BRASIL;Soja;Média de Produtividade (Área Colhida);2,932249817
PR;Faxinal;Quantidade Produzida;Q1;2010;BRASIL;BRASIL;Soja;Área Colhida;54760
PR;Faxinal;Quantidade Produzida;Q1;2010;BRASIL;BRASIL;Soja;Área Plantada;54760
PR;Faxinal;Quantidade Produzida;Q1;2010;BRASIL;BRASIL;Soja;Qtde Produzida;160570
PR;Floraí;Quantidade Produzida;Q1;2010;BRASIL;BRASIL;Soja;Média de Produtividade (Área Colhida);3,231846085
PR;Floraí;Quantidade Produzida;Q1;2010;BRASIL;BRASIL;Soja;Área Colhida;93506
PR;Floraí;Quantidade Produzida;Q1;2010;BRASIL;BRASIL;Soja;Área Plantada;93506
PR;Floraí;Quantidade Produzida;Q1;2010;BRASIL;BRASIL;Soja;Qtde Produzida;302197
PR;Foz do Iguaçu;Quantidade Produzida;Q2;2010;BRASIL;BRASIL;Soja;Média de Produtividade (Área Colhida);3,411033945
PR;Foz do Iguaçu;Quantidade Produzida;Q2;2010;BRASIL;BRASIL;Soja;Área Colhida;192225
PR;Foz do Iguaçu;Quantidade Produzida;Q2;2010;BRASIL;BRASIL;Soja;Área Plantada;192225
PR;Foz do Iguaçu;Quantidade Produzida;Q2;2010;BRASIL;BRASIL;Soja;Qtde Produzida;655686
PR;Francisco Beltrão;Quantidade Produzida;Q2;2010;BRASIL;BRASIL;Soja;Média de Produtividade (Área Colhida);3,090066269
PR;Francisco Beltrão;Quantidade Produzida;Q2;2010;BRASIL;BRASIL;Soja;Área Colhida;149390
PR;Francisco Beltrão;Quantidade Produzida;Q2;2010;BRASIL;BRASIL;Soja;Área Plantada;149390
PR;Francisco Beltrão;Quantidade Produzida;Q2;2010;BRASIL;BRASIL;Soja;Qtde Produzida;461625
PR;Goioerê;Quantidade Produzida;Q3;2010;BRASIL;BRASIL;Soja;Média de Produtividade (Área Colhida);3,438455365
PR;Goioerê;Quantidade Produzida;Q3;2010;BRASIL;BRASIL;Soja;Área Colhida;262923
PR;Goioerê;Quantidade Produzida;Q3;2010;BRASIL;BRASIL;Soja;Área Plantada;262923
PR;Goioerê;Quantidade Produzida;Q3;2010;BRASIL;BRASIL;Soja;Qtde Produzida;904049
PR;Guarapuava;Quantidade Produzida;Q2;2010;BRASIL;BRASIL;Soja;Média de Produtividade (Área Colhida);3,097142199
PR;Guarapuava;Quantidade Produzida;Q2;2010;BRASIL;BRASIL;Soja;Área Colhida;269193
PR;Guarapuava;Quantidade Produzida;Q2;2010;BRASIL;BRASIL;Soja;Área Plantada;269193
PR;Guarapuava;Quantidade Produzida;Q2;2010;BRASIL;BRASIL;Soja;Qtde Produzida;833729
PR;Ibaiti;Quantidade Produzida;Q1;2010;BRASIL;BRASIL;Soja;Média de Produtividade (Área Colhida);3,081875327
PR;Ibaiti;Quantidade Produzida;Q1;2010;BRASIL;BRASIL;Soja;Área Colhida;19090
PR;Ibaiti;Quantidade Produzida;Q1;2010;BRASIL;BRASIL;Soja;Área Plantada;19090
PR;Ibaiti;Quantidade Produzida;Q1;2010;BRASIL;BRASIL;Soja;Qtde Produzida;58833
PR;Irati;Quantidade Produzida;Q1;2010;BRASIL;BRASIL;Soja;Média de Produtividade (Área Colhida);2,976084860
PR;Irati;Quantidade Produzida;Q1;2010;BRASIL;BRASIL;Soja;Área Colhida;51850
PR;Irati;Quantidade Produzida;Q1;2010;BRASIL;BRASIL;Soja;Área Plantada;51850
PR;Irati;Quantidade Produzida;Q1;2010;BRASIL;BRASIL;Soja;Qtde Produzida;154310
PR;Ivaiporã;Quantidade Produzida;Q1;2010;BRASIL;BRASIL;Soja;Média de Produtividade (Área Colhida);3,081725158
PR;Ivaiporã;Quantidade Produzida;Q1;2010;BRASIL;BRASIL;Soja;Área Colhida;125090
PR;Ivaiporã;Quantidade Produzida;Q1;2010;BRASIL;BRASIL;Soja;Área Plantada;125090
PR;Ivaiporã;Quantidade Produzida;Q1;2010;BRASIL;BRASIL;Soja;Qtde Produzida;385493
PR;Jacarezinho;Quantidade Produzida;Q1;2010;BRASIL;BRASIL;Soja;Média de Produtividade (Área Colhida);2,836757475
PR;Jacarezinho;Quantidade Produzida;Q1;2010;BRASIL;BRASIL;Soja;Área Colhida;37625
PR;Jacarezinho;Quantidade Produzida;Q1;2010;BRASIL;BRASIL;Soja;Área Plantada;37625
PR;Jacarezinho;Quantidade Produzida;Q1;2010;BRASIL;BRASIL;Soja;Qtde Produzida;106733
PR;Jaguariaíva;Quantidade Produzida;Q1;2010;BRASIL;BRASIL;Soja;Média de Produtividade (Área Colhida);3,149088359
PR;Jaguariaíva;Quantidade Produzida;Q1;2010;BRASIL;BRASIL;Soja;Área Colhida;71300
PR;Jaguariaíva;Quantidade Produzida;Q1;2010;BRASIL;BRASIL;Soja;Área Plantada;71300
PR;Jaguariaíva;Quantidade Produzida;Q1;2010;BRASIL;BRASIL;Soja;Qtde Produzida;224530
PR;Lapa;Quantidade Produzida;Q1;2010;BRASIL;BRASIL;Soja;Média de Produtividade (Área Colhida);2,749267193
PR;Lapa;Quantidade Produzida;Q1;2010;BRASIL;BRASIL;Soja;Área Colhida;35480
PR;Lapa;Quantidade Produzida;Q1;2010;BRASIL;BRASIL;Soja;Área Plantada;35480
PR;Lapa;Quantidade Produzida;Q1;2010;BRASIL;BRASIL;Soja;Qtde Produzida;97544
PR;Londrina;Quantidade Produzida;Q2;2010;BRASIL;BRASIL;Soja;Média de Produtividade (Área Colhida);3,054592096
PR;Londrina;Quantidade Produzida;Q2;2010;BRASIL;BRASIL;Soja;Área Colhida;139947
PR;Londrina;Quantidade Produzida;Q2;2010;BRASIL;BRASIL;Soja;Área Plantada;139947
PR;Londrina;Quantidade Produzida;Q2;2010;BRASIL;BRASIL;Soja;Qtde Produzida;427481
PR;Maringá;Quantidade Produzida;Q1;2010;BRASIL;BRASIL;Soja;Média de Produtividade (Área Colhida);3,123259938
PR;Maringá;Quantidade Produzida;Q1;2010;BRASIL;BRASIL;Soja;Área Colhida;67670
PR;Maringá;Quantidade Produzida;Q1;2010;BRASIL;BRASIL;Soja;Área Plantada;67670
PR;Maringá;Quantidade Produzida;Q1;2010;BRASIL;BRASIL;Soja;Qtde Produzida;211351
PR;Palmas;Quantidade Produzida;Q1;2010;BRASIL;BRASIL;Soja;Média de Produtividade (Área Colhida);2,825151253
PR;Palmas;Quantidade Produzida;Q1;2010;BRASIL;BRASIL;Soja;Área Colhida;115700
PR;Palmas;Quantidade Produzida;Q1;2010;BRASIL;BRASIL;Soja;Área Plantada;115700
PR;Palmas;Quantidade Produzida;Q1;2010;BRASIL;BRASIL;Soja;Qtde Produzida;326870
PR;Paranavaí;Quantidade Produzida;Q1;2010;BRASIL;BRASIL;Soja;Média de Produtividade (Área Colhida);3,091384577
PR;Paranavaí;Quantidade Produzida;Q1;2010;BRASIL;BRASIL;Soja;Área Colhida;23899
PR;Paranavaí;Quantidade Produzida;Q1;2010;BRASIL;BRASIL;Soja;Área Plantada;23899
PR;Paranavaí;Quantidade Produzida;Q1;2010;BRASIL;BRASIL;Soja;Qtde Produzida;73881
PR;Pato Branco;Quantidade Produzida;Q2;2010;BRASIL;BRASIL;Soja;Média de Produtividade (Área Colhida);3,110734397
PR;Pato Branco;Quantidade Produzida;Q2;2010;BRASIL;BRASIL;Soja;Área Colhida;169595
PR;Pato Branco;Quantidade Produzida;Q2;2010;BRASIL;BRASIL;Soja;Área Plantada;169595
PR;Pato Branco;Quantidade Produzida;Q2;2010;BRASIL;BRASIL;Soja;Qtde Produzida;527565
PR;Pitanga;Quantidade Produzida;Q1;2010;BRASIL;BRASIL;Soja;Média de Produtividade (Área Colhida);3,058379564
PR;Pitanga;Quantidade Produzida;Q1;2010;BRASIL;BRASIL;Soja;Área Colhida;77510
PR;Pitanga;Quantidade Produzida;Q1;2010;BRASIL;BRASIL;Soja;Área Plantada;77510
PR;Pitanga;Quantidade Produzida;Q1;2010;BRASIL;BRASIL;Soja;Qtde Produzida;237055
PR;Ponta Grossa;Quantidade Produzida;Q2;2010;BRASIL;BRASIL;Soja;Média de Produtividade (Área Colhida);3,116048237
PR;Ponta Grossa;Quantidade Produzida;Q2;2010;BRASIL;BRASIL;Soja;Área Colhida;215600
PR;Ponta Grossa;Quantidade Produzida;Q2;2010;BRASIL;BRASIL;Soja;Área Plantada;215600
PR;Ponta Grossa;Quantidade Produzida;Q2;2010;BRASIL;BRASIL;Soja;Qtde Produzida;671820
PR;Porecatu;Quantidade Produzida;Q1;2010;BRASIL;BRASIL;Soja;Média de Produtividade (Área Colhida);3,053403944
PR;Porecatu;Quantidade Produzida;Q1;2010;BRASIL;BRASIL;Soja;Área Colhida;96491
PR;Porecatu;Quantidade Produzida;Q1;2010;BRASIL;BRASIL;Soja;Área Plantada;96491
PR;Porecatu;Quantidade Produzida;Q1;2010;BRASIL;BRASIL;Soja;Qtde Produzida;294626
PR;Prudentópolis;Quantidade Produzida;Q1;2010;BRASIL;BRASIL;Soja;Média de Produtividade (Área Colhida);3,003112469
PR;Prudentópolis;Quantidade Produzida;Q1;2010;BRASIL;BRASIL;Soja;Área Colhida;104740
PR;Prudentópolis;Quantidade Produzida;Q1;2010;BRASIL;BRASIL;Soja;Área Plantada;104740
PR;Prudentópolis;Quantidade Produzida;Q1;2010;BRASIL;BRASIL;Soja;Qtde Produzida;314546
PR;Rio Negro;Quantidade Produzida;Q1;2010;BRASIL;BRASIL;Soja;Média de Produtividade (Área Colhida);2,796071584
PR;Rio Negro;Quantidade Produzida;Q1;2010;BRASIL;BRASIL;Soja;Área Colhida;11455
PR;Rio Negro;Quantidade Produzida;Q1;2010;BRASIL;BRASIL;Soja;Área Plantada;11455
PR;Rio Negro;Quantidade Produzida;Q1;2010;BRASIL;BRASIL;Soja;Qtde Produzida;32029
PR;São Mateus do Sul;Quantidade Produzida;Q1;2010;BRASIL;BRASIL;Soja;Média de Produtividade (Área Colhida);2,722517007
PR;São Mateus do Sul;Quantidade Produzida;Q1;2010;BRASIL;BRASIL;Soja;Área Colhida;29400
PR;São Mateus do Sul;Quantidade Produzida;Q1;2010;BRASIL;BRASIL;Soja;Área Plantada;29400
PR;São Mateus do Sul;Quantidade Produzida;Q1;2010;BRASIL;BRASIL;Soja;Qtde Produzida;80042
PR;Telêmaco Borba;Quantidade Produzida;Q2;2010;BRASIL;BRASIL;Soja;Média de Produtividade (Área Colhida);3,109834437
PR;Telêmaco Borba;Quantidade Produzida;Q2;2010;BRASIL;BRASIL;Soja;Área Colhida;151000
PR;Telêmaco Borba;Quantidade Produzida;Q2;2010;BRASIL;BRASIL;Soja;Área Plantada;151000
PR;Telêmaco Borba;Quantidade Produzida;Q2;2010;BRASIL;BRASIL;Soja;Qtde Produzida;469585
PR;Toledo;Quantidade Produzida;Q3;2010;BRASIL;BRASIL;Soja;Média de Produtividade (Área Colhida);3,361247814
PR;Toledo;Quantidade Produzida;Q3;2010;BRASIL;BRASIL;Soja;Área Colhida;479142
PR;Toledo;Quantidade Produzida;Q3;2010;BRASIL;BRASIL;Soja;Área Plantada;479142
PR;Toledo;Quantidade Produzida;Q3;2010;BRASIL;BRASIL;Soja;Qtde Produzida;1610515
PR;Umuarama;Quantidade Produzida;Q1;2010;BRASIL;BRASIL;Soja;Média de Produtividade (Área Colhida);3,036104652
PR;Umuarama;Quantidade Produzida;Q1;2010;BRASIL;BRASIL;Soja;Área Colhida;109238
PR;Umuarama;Quantidade Produzida;Q1;2010;BRASIL;BRASIL;Soja;Área Plantada;109238
PR;Umuarama;Quantidade Produzida;Q1;2010;BRASIL;BRASIL;Soja;Qtde Produzida;331658
PR;União da Vitória;Quantidade Produzida;Q1;2010;BRASIL;BRASIL;Soja;Média de Produtividade (Área Colhida);2,528947368
PR;União da Vitória;Quantidade Produzida;Q1;2010;BRASIL;BRASIL;Soja;Área Colhida;26600
PR;União da Vitória;Quantidade Produzida;Q1;2010;BRASIL;BRASIL;Soja;Área Plantada;26600
PR;União da Vitória;Quantidade Produzida;Q1;2010;BRASIL;BRASIL;Soja;Qtde Produzida;67270
PR;Wenceslau Braz;Quantidade Produzida;Q1;2010;BRASIL;BRASIL;Soja;Média de Produtividade (Área Colhida);3,246191111
PR;Wenceslau Braz;Quantidade Produzida;Q1;2010;BRASIL;BRASIL;Soja;Área Colhida;41285
PR;Wenceslau Braz;Quantidade Produzida;Q1;2010;BRASIL;BRASIL;Soja;Área Plantada;41285
PR;Wenceslau Braz;Quantidade Produzida;Q1;2010;BRASIL;BRASIL;Soja;Qtde Produzida;134019
RO;Ariquemes;Quantidade Produzida;Q1;2010;BRASIL;BRASIL;Soja;Média de Produtividade (Área Colhida);2,9448
RO;Ariquemes;Quantidade Produzida;Q1;2010;BRASIL;BRASIL;Soja;Área Colhida;1250
RO;Ariquemes;Quantidade Produzida;Q1;2010;BRASIL;BRASIL;Soja;Área Plantada;1250
RO;Ariquemes;Quantidade Produzida;Q1;2010;BRASIL;BRASIL;Soja;Qtde Produzida;3681
RO;Colorado do Oeste;Quantidade Produzida;Q1;2010;BRASIL;BRASIL;Soja;Média de Produtividade (Área Colhida);3,153814674
RO;Colorado do Oeste;Quantidade Produzida;Q1;2010;BRASIL;BRASIL;Soja;Área Colhida;68420
RO;Colorado do Oeste;Quantidade Produzida;Q1;2010;BRASIL;BRASIL;Soja;Área Plantada;68420
RO;Colorado do Oeste;Quantidade Produzida;Q1;2010;BRASIL;BRASIL;Soja;Qtde Produzida;215784
RO;Porto Velho;Quantidade Produzida;Q1;2010;BRASIL;BRASIL;Soja;Média de Produtividade (Área Colhida);2,481081081
RO;Porto Velho;Quantidade Produzida;Q1;2010;BRASIL;BRASIL;Soja;Área Colhida;555
RO;Porto Velho;Quantidade Produzida;Q1;2010;BRASIL;BRASIL;Soja;Área Plantada;555
RO;Porto Velho;Quantidade Produzida;Q1;2010;BRASIL;BRASIL;Soja;Qtde Produzida;1377
RO;Vilhena;Quantidade Produzida;Q1;2010;BRASIL;BRASIL;Soja;Média de Produtividade (Área Colhida);3,158393796
RO;Vilhena;Quantidade Produzida;Q1;2010;BRASIL;BRASIL;Soja;Área Colhida;52098
RO;Vilhena;Quantidade Produzida;Q1;2010;BRASIL;BRASIL;Soja;Área Plantada;52518
RO;Vilhena;Quantidade Produzida;Q1;2010;BRASIL;BRASIL;Soja;Qtde Produzida;164546
RR;Boa Vista;Quantidade Produzida;Q1;2010;BRASIL;BRASIL;Soja;Média de Produtividade (Área Colhida);2,8
RR;Boa Vista;Quantidade Produzida;Q1;2010;BRASIL;BRASIL;Soja;Área Colhida;1200
RR;Boa Vista;Quantidade Produzida;Q1;2010;BRASIL;BRASIL;Soja;Área Plantada;1200
RR;Boa Vista;Quantidade Produzida;Q1;2010;BRASIL;BRASIL;Soja;Qtde Produzida;3360
RR;Nordeste de Roraima;Quantidade Produzida;Q1;2010;BRASIL;BRASIL;Soja;Média de Produtividade (Área Colhida);2,8
RR;Nordeste de Roraima;Quantidade Produzida;Q1;2010;BRASIL;BRASIL;Soja;Área Colhida;200
RR;Nordeste de Roraima;Quantidade Produzida;Q1;2010;BRASIL;BRASIL;Soja;Área Plantada;200
RR;Nordeste de Roraima;Quantidade Produzida;Q1;2010;BRASIL;BRASIL;Soja;Qtde Produzida;560
RS;Cachoeira do Sul;Quantidade Produzida;Q1;2010;BRASIL;BRASIL;Soja;Média de Produtividade (Área Colhida);2,535344828
RS;Cachoeira do Sul;Quantidade Produzida;Q1;2010;BRASIL;BRASIL;Soja;Área Colhida;88160
RS;Cachoeira do Sul;Quantidade Produzida;Q1;2010;BRASIL;BRASIL;Soja;Área Plantada;88160
RS;Cachoeira do Sul;Quantidade Produzida;Q1;2010;BRASIL;BRASIL;Soja;Qtde Produzida;223516
RS;Camaquã;Quantidade Produzida;Q1;2010;BRASIL;BRASIL;Soja;Média de Produtividade (Área Colhida);1,591156463
RS;Camaquã;Quantidade Produzida;Q1;2010;BRASIL;BRASIL;Soja;Área Colhida;4410
RS;Camaquã;Quantidade Produzida;Q1;2010;BRASIL;BRASIL;Soja;Área Plantada;4410
RS;Camaquã;Quantidade Produzida;Q1;2010;BRASIL;BRASIL;Soja;Qtde Produzida;7017
RS;Campanha Central;Quantidade Produzida;Q1;2010;BRASIL;BRASIL;Soja;Média de Produtividade (Área Colhida);2,272941176
RS;Campanha Central;Quantidade Produzida;Q1;2010;BRASIL;BRASIL;Soja;Área Colhida;102000
RS;Campanha Central;Quantidade Produzida;Q1;2010;BRASIL;BRASIL;Soja;Área Plantada;102000
RS;Campanha Central;Quantidade Produzida;Q1;2010;BRASIL;BRASIL;Soja;Qtde Produzida;231840
RS;Campanha Meridional;Quantidade Produzida;Q1;2010;BRASIL;BRASIL;Soja;Média de Produtividade (Área Colhida);1,894276018
RS;Campanha Meridional;Quantidade Produzida;Q1;2010;BRASIL;BRASIL;Soja;Área Colhida;44200
RS;Campanha Meridional;Quantidade Produzida;Q1;2010;BRASIL;BRASIL;Soja;Área Plantada;44200
RS;Campanha Meridional;Quantidade Produzida;Q1;2010;BRASIL;BRASIL;Soja;Qtde Produzida;83727
RS;Campanha Ocidental;Quantidade Produzida;Q1;2010;BRASIL;BRASIL;Soja;Média de Produtividade (Área Colhida);2,191995490
RS;Campanha Ocidental;Quantidade Produzida;Q1;2010;BRASIL;BRASIL;Soja;Área Colhida;133050
RS;Campanha Ocidental;Quantidade Produzida;Q1;2010;BRASIL;BRASIL;Soja;Área Plantada;134000
RS;Campanha Ocidental;Quantidade Produzida;Q1;2010;BRASIL;BRASIL;Soja;Qtde Produzida;291645
RS;Carazinho;Quantidade Produzida;Q2;2010;BRASIL;BRASIL;Soja;Média de Produtividade (Área Colhida);2,652507222
RS;Carazinho;Quantidade Produzida;Q2;2010;BRASIL;BRASIL;Soja;Área Colhida;270020
RS;Carazinho;Quantidade Produzida;Q2;2010;BRASIL;BRASIL;Soja;Área Plantada;270020
RS;Carazinho;Quantidade Produzida;Q2;2010;BRASIL;BRASIL;Soja;Qtde Produzida;716230
RS;Caxias do Sul;Quantidade Produzida;Q1;2010;BRASIL;BRASIL;Soja;Média de Produtividade (Área Colhida);2,690569745
RS;Caxias do Sul;Quantidade Produzida;Q1;2010;BRASIL;BRASIL;Soja;Área Colhida;1018
RS;Caxias do Sul;Quantidade Produzida;Q1;2010;BRASIL;BRASIL;Soja;Área Plantada;1018
RS;Caxias do Sul;Quantidade Produzida;Q1;2010;BRASIL;BRASIL;Soja;Qtde Produzida;2739
RS;Cerro Largo;Quantidade Produzida;Q1;2010;BRASIL;BRASIL;Soja;Média de Produtividade (Área Colhida);2,398055152
RS;Cerro Largo;Quantidade Produzida;Q1;2010;BRASIL;BRASIL;Soja;Área Colhida;68900
RS;Cerro Largo;Quantidade Produzida;Q1;2010;BRASIL;BRASIL;Soja;Área Plantada;68900
RS;Cerro Largo;Quantidade Produzida;Q1;2010;BRASIL;BRASIL;Soja;Qtde Produzida;165226
RS;Cruz Alta;Quantidade Produzida;Q3;2010;BRASIL;BRASIL;Soja;Média de Produtividade (Área Colhida);2,588419382
RS;Cruz Alta;Quantidade Produzida;Q3;2010;BRASIL;BRASIL;Soja;Área Colhida;478990
RS;Cruz Alta;Quantidade Produzida;Q3;2010;BRASIL;BRASIL;Soja;Área Plantada;479190
RS;Cruz Alta;Quantidade Produzida;Q3;2010;BRASIL;BRASIL;Soja;Qtde Produzida;1239827
RS;Erechim;Quantidade Produzida;Q2;2010;BRASIL;BRASIL;Soja;Média de Produtividade (Área Colhida);3,067157480
RS;Erechim;Quantidade Produzida;Q2;2010;BRASIL;BRASIL;Soja;Área Colhida;160414
RS;Erechim;Quantidade Produzida;Q2;2010;BRASIL;BRASIL;Soja;Área Plantada;160414
RS;Erechim;Quantidade Produzida;Q2;2010;BRASIL;BRASIL;Soja;Qtde Produzida;492015
RS;Frederico Westphalen;Quantidade Produzida;Q1;2010;BRASIL;BRASIL;Soja;Média de Produtividade (Área Colhida);2,569195076
RS;Frederico Westphalen;Quantidade Produzida;Q1;2010;BRASIL;BRASIL;Soja;Área Colhida;155170
RS;Frederico Westphalen;Quantidade Produzida;Q1;2010;BRASIL;BRASIL;Soja;Área Plantada;155170
RS;Frederico Westphalen;Quantidade Produzida;Q1;2010;BRASIL;BRASIL;Soja;Qtde Produzida;398662
RS;Gramado-Canela;Quantidade Produzida;Q1;2010;BRASIL;BRASIL;Soja;Média de Produtividade (Área Colhida);1,333333333
RS;Gramado-Canela;Quantidade Produzida;Q1;2010;BRASIL;BRASIL;Soja;Área Colhida;3
RS;Gramado-Canela;Quantidade Produzida;Q1;2010;BRASIL;BRASIL;Soja;Área Plantada;3
RS;Gramado-Canela;Quantidade Produzida;Q1;2010;BRASIL;BRASIL;Soja;Qtde Produzida;4
RS;Guaporé;Quantidade Produzida;Q1;2010;BRASIL;BRASIL;Soja;Média de Produtividade (Área Colhida);2,760233735
RS;Guaporé;Quantidade Produzida;Q1;2010;BRASIL;BRASIL;Soja;Área Colhida;32002
RS;Guaporé;Quantidade Produzida;Q1;2010;BRASIL;BRASIL;Soja;Área Plantada;32002
RS;Guaporé;Quantidade Produzida;Q1;2010;BRASIL;BRASIL;Soja;Qtde Produzida;88333
RS;Ijuí;Quantidade Produzida;Q2;2010;BRASIL;BRASIL;Soja;Média de Produtividade (Área Colhida);2,696983275
RS;Ijuí;Quantidade Produzida;Q2;2010;BRASIL;BRASIL;Soja;Área Colhida;316900
RS;Ijuí;Quantidade Produzida;Q2;2010;BRASIL;BRASIL;Soja;Área Plantada;316900
RS;Ijuí;Quantidade Produzida;Q2;2010;BRASIL;BRASIL;Soja;Qtde Produzida;854674
RS;Jaguarão;Quantidade Produzida;Q1;2010;BRASIL;BRASIL;Soja;Média de Produtividade (Área Colhida);2,42
RS;Jaguarão;Quantidade Produzida;Q1;2010;BRASIL;BRASIL;Soja;Área Colhida;33000
RS;Jaguarão;Quantidade Produzida;Q1;2010;BRASIL;BRASIL;Soja;Área Plantada;33000
RS;Jaguarão;Quantidade Produzida;Q1;2010;BRASIL;BRASIL;Soja;Qtde Produzida;79860
RS;Lajeado-Estrela;Quantidade Produzida;Q1;2010;BRASIL;BRASIL;Soja;Média de Produtividade (Área Colhida);2,753244506
RS;Lajeado-Estrela;Quantidade Produzida;Q1;2010;BRASIL;BRASIL;Soja;Área Colhida;11558
RS;Lajeado-Estrela;Quantidade Produzida;Q1;2010;BRASIL;BRASIL;Soja;Área Plantada;12340
RS;Lajeado-Estrela;Quantidade Produzida;Q1;2010;BRASIL;BRASIL;Soja;Qtde Produzida;31822
RS;Litoral Lagunar;Quantidade Produzida;Q1;2010;BRASIL;BRASIL;Soja;Média de Produtividade (Área Colhida);1,428571429
RS;Litoral Lagunar;Quantidade Produzida;Q1;2010;BRASIL;BRASIL;Soja;Área Colhida;1400
RS;Litoral Lagunar;Quantidade Produzida;Q1;2010;BRASIL;BRASIL;Soja;Área Plantada;1400
RS;Litoral Lagunar;Quantidade Produzida;Q1;2010;BRASIL;BRASIL;Soja;Qtde Produzida;2000
RS;Montenegro;Quantidade Produzida;Q1;2010;BRASIL;BRASIL;Soja;Média de Produtividade (Área Colhida);1,285714286
RS;Montenegro;Quantidade Produzida;Q1;2010;BRASIL;BRASIL;Soja;Área Colhida;7
RS;Montenegro;Quantidade Produzida;Q1;2010;BRASIL;BRASIL;Soja;Área Plantada;7
RS;Montenegro;Quantidade Produzida;Q1;2010;BRASIL;BRASIL;Soja;Qtde Produzida;9
RS;Não-Me-Toque;Quantidade Produzida;Q1;2010;BRASIL;BRASIL;Soja;Média de Produtividade (Área Colhida);3,000089425
RS;Não-Me-Toque;Quantidade Produzida;Q1;2010;BRASIL;BRASIL;Soja;Área Colhida;89460
RS;Não-Me-Toque;Quantidade Produzida;Q1;2010;BRASIL;BRASIL;Soja;Área Plantada;89460
RS;Não-Me-Toque;Quantidade Produzida;Q1;2010;BRASIL;BRASIL;Soja;Qtde Produzida;268388
RS;Osório;Quantidade Produzida;Q1;2010;BRASIL;BRASIL;Soja;Média de Produtividade (Área Colhida);2,656
RS;Osório;Quantidade Produzida;Q1;2010;BRASIL;BRASIL;Soja;Área Colhida;500
RS;Osório;Quantidade Produzida;Q1;2010;BRASIL;BRASIL;Soja;Área Plantada;500
RS;Osório;Quantidade Produzida;Q1;2010;BRASIL;BRASIL;Soja;Qtde Produzida;1328
RS;Passo Fundo;Quantidade Produzida;Q3;2010;BRASIL;BRASIL;Soja;Média de Produtividade (Área Colhida);3,030490731
RS;Passo Fundo;Quantidade Produzida;Q3;2010;BRASIL;BRASIL;Soja;Área Colhida;343875
RS;Passo Fundo;Quantidade Produzida;Q3;2010;BRASIL;BRASIL;Soja;Área Plantada;343875
RS;Passo Fundo;Quantidade Produzida;Q3;2010;BRASIL;BRASIL;Soja;Qtde Produzida;1042110
RS;Pelotas;Quantidade Produzida;Q1;2010;BRASIL;BRASIL;Soja;Média de Produtividade (Área Colhida);2,061673197
RS;Pelotas;Quantidade Produzida;Q1;2010;BRASIL;BRASIL;Soja;Área Colhida;43390
RS;Pelotas;Quantidade Produzida;Q1;2010;BRASIL;BRASIL;Soja;Área Plantada;43740
RS;Pelotas;Quantidade Produzida;Q1;2010;BRASIL;BRASIL;Soja;Qtde Produzida;89456
RS;Porto Alegre;Quantidade Produzida;Q1;2010;BRASIL;BRASIL;Soja;Média de Produtividade (Área Colhida);1,690826727
RS;Porto Alegre;Quantidade Produzida;Q1;2010;BRASIL;BRASIL;Soja;Área Colhida;883
RS;Porto Alegre;Quantidade Produzida;Q1;2010;BRASIL;BRASIL;Soja;Área Plantada;883
RS;Porto Alegre;Quantidade Produzida;Q1;2010;BRASIL;BRASIL;Soja;Qtde Produzida;1493
RS;Restinga Seca;Quantidade Produzida;Q1;2010;BRASIL;BRASIL;Soja;Média de Produtividade (Área Colhida);2,364740566
RS;Restinga Seca;Quantidade Produzida;Q1;2010;BRASIL;BRASIL;Soja;Área Colhida;25440
RS;Restinga Seca;Quantidade Produzida;Q1;2010;BRASIL;BRASIL;Soja;Área Plantada;25440
RS;Restinga Seca;Quantidade Produzida;Q1;2010;BRASIL;BRASIL;Soja;Qtde Produzida;60159
RS;Sananduva;Quantidade Produzida;Q1;2010;BRASIL;BRASIL;Soja;Média de Produtividade (Área Colhida);3,271679721
RS;Sananduva;Quantidade Produzida;Q1;2010;BRASIL;BRASIL;Soja;Área Colhida;114900
RS;Sananduva;Quantidade Produzida;Q1;2010;BRASIL;BRASIL;Soja;Área Plantada;114900
RS;Sananduva;Quantidade Produzida;Q1;2010;BRASIL;BRASIL;Soja;Qtde Produzida;375916
RS;Santa Cruz do Sul;Quantidade Produzida;Q1;2010;BRASIL;BRASIL;Soja;Média de Produtividade (Área Colhida);2,544996361
RS;Santa Cruz do Sul;Quantidade Produzida;Q1;2010;BRASIL;BRASIL;Soja;Área Colhida;37103
RS;Santa Cruz do Sul;Quantidade Produzida;Q1;2010;BRASIL;BRASIL;Soja;Área Plantada;38603
RS;Santa Cruz do Sul;Quantidade Produzida;Q1;2010;BRASIL;BRASIL;Soja;Qtde Produzida;94427
RS;Santa Maria;Quantidade Produzida;Q1;2010;BRASIL;BRASIL;Soja;Média de Produtividade (Área Colhida);2,210441153
RS;Santa Maria;Quantidade Produzida;Q1;2010;BRASIL;BRASIL;Soja;Área Colhida;124220
RS;Santa Maria;Quantidade Produzida;Q1;2010;BRASIL;BRASIL;Soja;Área Plantada;125600
RS;Santa Maria;Quantidade Produzida;Q1;2010;BRASIL;BRASIL;Soja;Qtde Produzida;274581
RS;Santa Rosa;Quantidade Produzida;Q1;2010;BRASIL;BRASIL;Soja;Média de Produtividade (Área Colhida);2,345636775
RS;Santa Rosa;Quantidade Produzida;Q1;2010;BRASIL;BRASIL;Soja;Área Colhida;132700
RS;Santa Rosa;Quantidade Produzida;Q1;2010;BRASIL;BRASIL;Soja;Área Plantada;132700
RS;Santa Rosa;Quantidade Produzida;Q1;2010;BRASIL;BRASIL;Soja;Qtde Produzida;311266
RS;Santiago;Quantidade Produzida;Q3;2010;BRASIL;BRASIL;Soja;Média de Produtividade (Área Colhida);2,513061339
RS;Santiago;Quantidade Produzida;Q3;2010;BRASIL;BRASIL;Soja;Área Colhida;357850
RS;Santiago;Quantidade Produzida;Q3;2010;BRASIL;BRASIL;Soja;Área Plantada;360850
RS;Santiago;Quantidade Produzida;Q3;2010;BRASIL;BRASIL;Soja;Qtde Produzida;899299
RS;Santo Ângelo;Quantidade Produzida;Q3;2010;BRASIL;BRASIL;Soja;Média de Produtividade (Área Colhida);2,508296225
RS;Santo Ângelo;Quantidade Produzida;Q3;2010;BRASIL;BRASIL;Soja;Área Colhida;413200
RS;Santo Ângelo;Quantidade Produzida;Q3;2010;BRASIL;BRASIL;Soja;Área Plantada;413200
RS;Santo Ângelo;Quantidade Produzida;Q3;2010;BRASIL;BRASIL;Soja;Qtde Produzida;1036428
RS;São Jerônimo;Quantidade Produzida;Q1;2010;BRASIL;BRASIL;Soja;Média de Produtividade (Área Colhida);2,443758203
RS;São Jerônimo;Quantidade Produzida;Q1;2010;BRASIL;BRASIL;Soja;Área Colhida;12953
RS;São Jerônimo;Quantidade Produzida;Q1;2010;BRASIL;BRASIL;Soja;Área Plantada;12953
RS;São Jerônimo;Quantidade Produzida;Q1;2010;BRASIL;BRASIL;Soja;Qtde Produzida;31654
RS;Serras de Sudeste;Quantidade Produzida;Q1;2010;BRASIL;BRASIL;Soja;Média de Produtividade (Área Colhida);2,182261905
RS;Serras de Sudeste;Quantidade Produzida;Q1;2010;BRASIL;BRASIL;Soja;Área Colhida;33600
RS;Serras de Sudeste;Quantidade Produzida;Q1;2010;BRASIL;BRASIL;Soja;Área Plantada;33600
RS;Serras de Sudeste;Quantidade Produzida;Q1;2010;BRASIL;BRASIL;Soja;Qtde Produzida;73324
RS;Soledade;Quantidade Produzida;Q1;2010;BRASIL;BRASIL;Soja;Média de Produtividade (Área Colhida);2,401224490
RS;Soledade;Quantidade Produzida;Q1;2010;BRASIL;BRASIL;Soja;Área Colhida;56350
RS;Soledade;Quantidade Produzida;Q1;2010;BRASIL;BRASIL;Soja;Área Plantada;56350
RS;Soledade;Quantidade Produzida;Q1;2010;BRASIL;BRASIL;Soja;Qtde Produzida;135309
RS;Três Passos;Quantidade Produzida;Q1;2010;BRASIL;BRASIL;Soja;Média de Produtividade (Área Colhida);2,242098093
RS;Três Passos;Quantidade Produzida;Q1;2010;BRASIL;BRASIL;Soja;Área Colhida;146800
RS;Três Passos;Quantidade Produzida;Q1;2010;BRASIL;BRASIL;Soja;Área Plantada;146800
RS;Três Passos;Quantidade Produzida;Q1;2010;BRASIL;BRASIL;Soja;Qtde Produzida;329140
RS;Vacaria;Quantidade Produzida;Q2;2010;BRASIL;BRASIL;Soja;Média de Produtividade (Área Colhida);3,050404598
RS;Vacaria;Quantidade Produzida;Q2;2010;BRASIL;BRASIL;Soja;Área Colhida;179190
RS;Vacaria;Quantidade Produzida;Q2;2010;BRASIL;BRASIL;Soja;Área Plantada;179190
RS;Vacaria;Quantidade Produzida;Q2;2010;BRASIL;BRASIL;Soja;Qtde Produzida;546602
SC;Blumenau;Quantidade Produzida;Q1;2010;BRASIL;BRASIL;Soja;Média de Produtividade (Área Colhida);2,5
SC;Blumenau;Quantidade Produzida;Q1;2010;BRASIL;BRASIL;Soja;Área Colhida;200
SC;Blumenau;Quantidade Produzida;Q1;2010;BRASIL;BRASIL;Soja;Área Plantada;200
SC;Blumenau;Quantidade Produzida;Q1;2010;BRASIL;BRASIL;Soja;Qtde Produzida;500
SC;Campos de Lages;Quantidade Produzida;Q1;2010;BRASIL;BRASIL;Soja;Média de Produtividade (Área Colhida);2,442172524
SC;Campos de Lages;Quantidade Produzida;Q1;2010;BRASIL;BRASIL;Soja;Área Colhida;15650
SC;Campos de Lages;Quantidade Produzida;Q1;2010;BRASIL;BRASIL;Soja;Área Plantada;15650
SC;Campos de Lages;Quantidade Produzida;Q1;2010;BRASIL;BRASIL;Soja;Qtde Produzida;38220
SC;Canoinhas;Quantidade Produzida;Q1;2010;BRASIL;BRASIL;Soja;Média de Produtividade (Área Colhida);3,362516597
SC;Canoinhas;Quantidade Produzida;Q1;2010;BRASIL;BRASIL;Soja;Área Colhida;97910
SC;Canoinhas;Quantidade Produzida;Q1;2010;BRASIL;BRASIL;Soja;Área Plantada;97910
SC;Canoinhas;Quantidade Produzida;Q1;2010;BRASIL;BRASIL;Soja;Qtde Produzida;329224
SC;Chapecó;Quantidade Produzida;Q1;2010;BRASIL;BRASIL;Soja;Média de Produtividade (Área Colhida);2,938169990
SC;Chapecó;Quantidade Produzida;Q1;2010;BRASIL;BRASIL;Soja;Área Colhida;70710
SC;Chapecó;Quantidade Produzida;Q1;2010;BRASIL;BRASIL;Soja;Área Plantada;70710
SC;Chapecó;Quantidade Produzida;Q1;2010;BRASIL;BRASIL;Soja;Qtde Produzida;207758
SC;Concórdia;Quantidade Produzida;Q1;2010;BRASIL;BRASIL;Soja;Média de Produtividade (Área Colhida);2,669216061
SC;Concórdia;Quantidade Produzida;Q1;2010;BRASIL;BRASIL;Soja;Área Colhida;3138
SC;Concórdia;Quantidade Produzida;Q1;2010;BRASIL;BRASIL;Soja;Área Plantada;3138
SC;Concórdia;Quantidade Produzida;Q1;2010;BRASIL;BRASIL;Soja;Qtde Produzida;8376
SC;Curitibanos;Quantidade Produzida;Q1;2010;BRASIL;BRASIL;Soja;Média de Produtividade (Área Colhida);3,063807177
SC;Curitibanos;Quantidade Produzida;Q1;2010;BRASIL;BRASIL;Soja;Área Colhida;64930
SC;Curitibanos;Quantidade Produzida;Q1;2010;BRASIL;BRASIL;Soja;Área Plantada;64930
SC;Curitibanos;Quantidade Produzida;Q1;2010;BRASIL;BRASIL;Soja;Qtde Produzida;198933
SC;Ituporanga;Quantidade Produzida;Q1;2010;BRASIL;BRASIL;Soja;Média de Produtividade (Área Colhida);2,565853659
SC;Ituporanga;Quantidade Produzida;Q1;2010;BRASIL;BRASIL;Soja;Área Colhida;2460
SC;Ituporanga;Quantidade Produzida;Q1;2010;BRASIL;BRASIL;Soja;Área Plantada;2500
SC;Ituporanga;Quantidade Produzida;Q1;2010;BRASIL;BRASIL;Soja;Qtde Produzida;6312
SC;Joaçaba;Quantidade Produzida;Q1;2010;BRASIL;BRASIL;Soja;Média de Produtividade (Área Colhida);3,002899126
SC;Joaçaba;Quantidade Produzida;Q1;2010;BRASIL;BRASIL;Soja;Área Colhida;25180
SC;Joaçaba;Quantidade Produzida;Q1;2010;BRASIL;BRASIL;Soja;Área Plantada;25180
SC;Joaçaba;Quantidade Produzida;Q1;2010;BRASIL;BRASIL;Soja;Qtde Produzida;75613
SC;Rio do Sul;Quantidade Produzida;Q1;2010;BRASIL;BRASIL;Soja;Média de Produtividade (Área Colhida);2,343807763
SC;Rio do Sul;Quantidade Produzida;Q1;2010;BRASIL;BRASIL;Soja;Área Colhida;541
SC;Rio do Sul;Quantidade Produzida;Q1;2010;BRASIL;BRASIL;Soja;Área Plantada;541
SC;Rio do Sul;Quantidade Produzida;Q1;2010;BRASIL;BRASIL;Soja;Qtde Produzida;1268
SC;São Bento do Sul;Quantidade Produzida;Q1;2010;BRASIL;BRASIL;Soja;Média de Produtividade (Área Colhida);2,666176471
SC;São Bento do Sul;Quantidade Produzida;Q1;2010;BRASIL;BRASIL;Soja;Área Colhida;3400
SC;São Bento do Sul;Quantidade Produzida;Q1;2010;BRASIL;BRASIL;Soja;Área Plantada;3400
SC;São Bento do Sul;Quantidade Produzida;Q1;2010;BRASIL;BRASIL;Soja;Qtde Produzida;9065
SC;São Miguel do Oeste;Quantidade Produzida;Q1;2010;BRASIL;BRASIL;Soja;Média de Produtividade (Área Colhida);2,948750867
SC;São Miguel do Oeste;Quantidade Produzida;Q1;2010;BRASIL;BRASIL;Soja;Área Colhida;28820
SC;São Miguel do Oeste;Quantidade Produzida;Q1;2010;BRASIL;BRASIL;Soja;Área Plantada;28820
SC;São Miguel do Oeste;Quantidade Produzida;Q1;2010;BRASIL;BRASIL;Soja;Qtde Produzida;84983
SC;Xanxerê;Quantidade Produzida;Q2;2010;BRASIL;BRASIL;Soja;Média de Produtividade (Área Colhida);3,281142140
SC;Xanxerê;Quantidade Produzida;Q2;2010;BRASIL;BRASIL;Soja;Área Colhida;127480
SC;Xanxerê;Quantidade Produzida;Q2;2010;BRASIL;BRASIL;Soja;Área Plantada;127480
SC;Xanxerê;Quantidade Produzida;Q2;2010;BRASIL;BRASIL;Soja;Qtde Produzida;418280
SP;Adamantina;Quantidade Produzida;Q1;2010;BRASIL;BRASIL;Soja;Média de Produtividade (Área Colhida);2
SP;Adamantina;Quantidade Produzida;Q1;2010;BRASIL;BRASIL;Soja;Área Colhida;500
SP;Adamantina;Quantidade Produzida;Q1;2010;BRASIL;BRASIL;Soja;Área Plantada;500
SP;Adamantina;Quantidade Produzida;Q1;2010;BRASIL;BRASIL;Soja;Qtde Produzida;1000
SP;Andradina;Quantidade Produzida;Q1;2010;BRASIL;BRASIL;Soja;Média de Produtividade (Área Colhida);2,695438051
SP;Andradina;Quantidade Produzida;Q1;2010;BRASIL;BRASIL;Soja;Área Colhida;3858
SP;Andradina;Quantidade Produzida;Q1;2010;BRASIL;BRASIL;Soja;Área Plantada;3858
SP;Andradina;Quantidade Produzida;Q1;2010;BRASIL;BRASIL;Soja;Qtde Produzida;10399
SP;Araçatuba;Quantidade Produzida;Q1;2010;BRASIL;BRASIL;Soja;Média de Produtividade (Área Colhida);3,132116888
SP;Araçatuba;Quantidade Produzida;Q1;2010;BRASIL;BRASIL;Soja;Área Colhida;7289
SP;Araçatuba;Quantidade Produzida;Q1;2010;BRASIL;BRASIL;Soja;Área Plantada;7289
SP;Araçatuba;Quantidade Produzida;Q1;2010;BRASIL;BRASIL;Soja;Qtde Produzida;22830
SP;Araraquara;Quantidade Produzida;Q1;2010;BRASIL;BRASIL;Soja;Média de Produtividade (Área Colhida);3,133333333
SP;Araraquara;Quantidade Produzida;Q1;2010;BRASIL;BRASIL;Soja;Área Colhida;2520
SP;Araraquara;Quantidade Produzida;Q1;2010;BRASIL;BRASIL;Soja;Área Plantada;2920
SP;Araraquara;Quantidade Produzida;Q1;2010;BRASIL;BRASIL;Soja;Qtde Produzida;7896
SP;Assis;Quantidade Produzida;Q1;2010;BRASIL;BRASIL;Soja;Média de Produtividade (Área Colhida);2,809631133
SP;Assis;Quantidade Produzida;Q1;2010;BRASIL;BRASIL;Soja;Área Colhida;137990
SP;Assis;Quantidade Produzida;Q1;2010;BRASIL;BRASIL;Soja;Área Plantada;137990
SP;Assis;Quantidade Produzida;Q1;2010;BRASIL;BRASIL;Soja;Qtde Produzida;387701
SP;Auriflama;Quantidade Produzida;Q1;2010;BRASIL;BRASIL;Soja;Média de Produtividade (Área Colhida);2,584452975
SP;Auriflama;Quantidade Produzida;Q1;2010;BRASIL;BRASIL;Soja;Área Colhida;1042
SP;Auriflama;Quantidade Produzida;Q1;2010;BRASIL;BRASIL;Soja;Área Plantada;1042
SP;Auriflama;Quantidade Produzida;Q1;2010;BRASIL;BRASIL;Soja;Qtde Produzida;2693
SP;Avaré;Quantidade Produzida;Q1;2010;BRASIL;BRASIL;Soja;Média de Produtividade (Área Colhida);2,943001842
SP;Avaré;Quantidade Produzida;Q1;2010;BRASIL;BRASIL;Soja;Área Colhida;21720
SP;Avaré;Quantidade Produzida;Q1;2010;BRASIL;BRASIL;Soja;Área Plantada;21720
SP;Avaré;Quantidade Produzida;Q1;2010;BRASIL;BRASIL;Soja;Qtde Produzida;63922
SP;Barretos;Quantidade Produzida;Q1;2010;BRASIL;BRASIL;Soja;Média de Produtividade (Área Colhida);2,672487978
SP;Barretos;Quantidade Produzida;Q1;2010;BRASIL;BRASIL;Soja;Área Colhida;7902
SP;Barretos;Quantidade Produzida;Q1;2010;BRASIL;BRASIL;Soja;Área Plantada;7902
SP;Barretos;Quantidade Produzida;Q1;2010;BRASIL;BRASIL;Soja;Qtde Produzida;21118
SP;Batatais;Quantidade Produzida;Q1;2010;BRASIL;BRASIL;Soja;Média de Produtividade (Área Colhida);2,281935484
SP;Batatais;Quantidade Produzida;Q1;2010;BRASIL;BRASIL;Soja;Área Colhida;3100
SP;Batatais;Quantidade Produzida;Q1;2010;BRASIL;BRASIL;Soja;Área Plantada;3100
SP;Batatais;Quantidade Produzida;Q1;2010;BRASIL;BRASIL;Soja;Qtde Produzida;7074
SP;Bauru;Quantidade Produzida;Q1;2010;BRASIL;BRASIL;Soja;Média de Produtividade (Área Colhida);2,452727273
SP;Bauru;Quantidade Produzida;Q1;2010;BRASIL;BRASIL;Soja;Área Colhida;2200
SP;Bauru;Quantidade Produzida;Q1;2010;BRASIL;BRASIL;Soja;Área Plantada;2200
SP;Bauru;Quantidade Produzida;Q1;2010;BRASIL;BRASIL;Soja;Qtde Produzida;5396
SP;Birigui;Quantidade Produzida;Q1;2010;BRASIL;BRASIL;Soja;Média de Produtividade (Área Colhida);3,069584426
SP;Birigui;Quantidade Produzida;Q1;2010;BRASIL;BRASIL;Soja;Área Colhida;14486
SP;Birigui;Quantidade Produzida;Q1;2010;BRASIL;BRASIL;Soja;Área Plantada;14550
SP;Birigui;Quantidade Produzida;Q1;2010;BRASIL;BRASIL;Soja;Qtde Produzida;44466
SP;Botucatu;Quantidade Produzida;Q1;2010;BRASIL;BRASIL;Soja;Média de Produtividade (Área Colhida);2,947826087
SP;Botucatu;Quantidade Produzida;Q1;2010;BRASIL;BRASIL;Soja;Área Colhida;920
SP;Botucatu;Quantidade Produzida;Q1;2010;BRASIL;BRASIL;Soja;Área Plantada;920
SP;Botucatu;Quantidade Produzida;Q1;2010;BRASIL;BRASIL;Soja;Qtde Produzida;2712
SP;Campinas;Quantidade Produzida;Q1;2010;BRASIL;BRASIL;Soja;Média de Produtividade (Área Colhida);3,127182045
SP;Campinas;Quantidade Produzida;Q1;2010;BRASIL;BRASIL;Soja;Área Colhida;401
SP;Campinas;Quantidade Produzida;Q1;2010;BRASIL;BRASIL;Soja;Área Plantada;641
SP;Campinas;Quantidade Produzida;Q1;2010;BRASIL;BRASIL;Soja;Qtde Produzida;1254
SP;Capão Bonito;Quantidade Produzida;Q1;2010;BRASIL;BRASIL;Soja;Média de Produtividade (Área Colhida);3,391304348
SP;Capão Bonito;Quantidade Produzida;Q1;2010;BRASIL;BRASIL;Soja;Área Colhida;2300
SP;Capão Bonito;Quantidade Produzida;Q1;2010;BRASIL;BRASIL;Soja;Área Plantada;2300
SP;Capão Bonito;Quantidade Produzida;Q1;2010;BRASIL;BRASIL;Soja;Qtde Produzida;7800
SP;Fernandópolis;Quantidade Produzida;Q1;2010;BRASIL;BRASIL;Soja;Média de Produtividade (Área Colhida);3,427218935
SP;Fernandópolis;Quantidade Produzida;Q1;2010;BRASIL;BRASIL;Soja;Área Colhida;1690
SP;Fernandópolis;Quantidade Produzida;Q1;2010;BRASIL;BRASIL;Soja;Área Plantada;1690
SP;Fernandópolis;Quantidade Produzida;Q1;2010;BRASIL;BRASIL;Soja;Qtde Produzida;5792
SP;Franca;Quantidade Produzida;Q1;2010;BRASIL;BRASIL;Soja;Média de Produtividade (Área Colhida);2,692200233
SP;Franca;Quantidade Produzida;Q1;2010;BRASIL;BRASIL;Soja;Área Colhida;4295
SP;Franca;Quantidade Produzida;Q1;2010;BRASIL;BRASIL;Soja;Área Plantada;4295
SP;Franca;Quantidade Produzida;Q1;2010;BRASIL;BRASIL;Soja;Qtde Produzida;11563
SP;Itapetininga;Quantidade Produzida;Q1;2010;BRASIL;BRASIL;Soja;Média de Produtividade (Área Colhida);2,126231615
SP;Itapetininga;Quantidade Produzida;Q1;2010;BRASIL;BRASIL;Soja;Área Colhida;7003
SP;Itapetininga;Quantidade Produzida;Q1;2010;BRASIL;BRASIL;Soja;Área Plantada;7003
SP;Itapetininga;Quantidade Produzida;Q1;2010;BRASIL;BRASIL;Soja;Qtde Produzida;14890
SP;Itapeva;Quantidade Produzida;Q1;2010;BRASIL;BRASIL;Soja;Média de Produtividade (Área Colhida);3,433522602
SP;Itapeva;Quantidade Produzida;Q1;2010;BRASIL;BRASIL;Soja;Área Colhida;86473
SP;Itapeva;Quantidade Produzida;Q1;2010;BRASIL;BRASIL;Soja;Área Plantada;86473
SP;Itapeva;Quantidade Produzida;Q1;2010;BRASIL;BRASIL;Soja;Qtde Produzida;296907
SP;Ituverava;Quantidade Produzida;Q1;2010;BRASIL;BRASIL;Soja;Média de Produtividade (Área Colhida);2,790559006
SP;Ituverava;Quantidade Produzida;Q1;2010;BRASIL;BRASIL;Soja;Área Colhida;16100
SP;Ituverava;Quantidade Produzida;Q1;2010;BRASIL;BRASIL;Soja;Área Plantada;16100
SP;Ituverava;Quantidade Produzida;Q1;2010;BRASIL;BRASIL;Soja;Qtde Produzida;44928
SP;Jaboticabal;Quantidade Produzida;Q1;2010;BRASIL;BRASIL;Soja;Média de Produtividade (Área Colhida);2,418512397
SP;Jaboticabal;Quantidade Produzida;Q1;2010;BRASIL;BRASIL;Soja;Área Colhida;9075
SP;Jaboticabal;Quantidade Produzida;Q1;2010;BRASIL;BRASIL;Soja;Área Plantada;9075
SP;Jaboticabal;Quantidade Produzida;Q1;2010;BRASIL;BRASIL;Soja;Qtde Produzida;21948
SP;Jales;Quantidade Produzida;Q1;2010;BRASIL;BRASIL;Soja;Média de Produtividade (Área Colhida);2,603321033
SP;Jales;Quantidade Produzida;Q1;2010;BRASIL;BRASIL;Soja;Área Colhida;542
SP;Jales;Quantidade Produzida;Q1;2010;BRASIL;BRASIL;Soja;Área Plantada;542
SP;Jales;Quantidade Produzida;Q1;2010;BRASIL;BRASIL;Soja;Qtde Produzida;1411
SP;Jaú;Quantidade Produzida;Q1;2010;BRASIL;BRASIL;Soja;Média de Produtividade (Área Colhida);2,463622291
SP;Jaú;Quantidade Produzida;Q1;2010;BRASIL;BRASIL;Soja;Área Colhida;1292
SP;Jaú;Quantidade Produzida;Q1;2010;BRASIL;BRASIL;Soja;Área Plantada;1292
SP;Jaú;Quantidade Produzida;Q1;2010;BRASIL;BRASIL;Soja;Qtde Produzida;3183
SP;Limeira;Quantidade Produzida;Q1;2010;BRASIL;BRASIL;Soja;Média de Produtividade (Área Colhida);2,823529412
SP;Limeira;Quantidade Produzida;Q1;2010;BRASIL;BRASIL;Soja;Área Colhida;425
SP;Limeira;Quantidade Produzida;Q1;2010;BRASIL;BRASIL;Soja;Área Plantada;425
SP;Limeira;Quantidade Produzida;Q1;2010;BRASIL;BRASIL;Soja;Qtde Produzida;1200
SP;Lins;Quantidade Produzida;Q1;2010;BRASIL;BRASIL;Soja;Média de Produtividade (Área Colhida);3
SP;Lins;Quantidade Produzida;Q1;2010;BRASIL;BRASIL;Soja;Área Colhida;25
SP;Lins;Quantidade Produzida;Q1;2010;BRASIL;BRASIL;Soja;Área Plantada;50
SP;Lins;Quantidade Produzida;Q1;2010;BRASIL;BRASIL;Soja;Qtde Produzida;75
SP;Marília;Quantidade Produzida;Q1;2010;BRASIL;BRASIL;Soja;Média de Produtividade (Área Colhida);2,354147675
SP;Marília;Quantidade Produzida;Q1;2010;BRASIL;BRASIL;Soja;Área Colhida;2194
SP;Marília;Quantidade Produzida;Q1;2010;BRASIL;BRASIL;Soja;Área Plantada;2194
SP;Marília;Quantidade Produzida;Q1;2010;BRASIL;BRASIL;Soja;Qtde Produzida;5165
SP;Moji Mirim;Quantidade Produzida;Q1;2010;BRASIL;BRASIL;Soja;Média de Produtividade (Área Colhida);2,425531915
SP;Moji Mirim;Quantidade Produzida;Q1;2010;BRASIL;BRASIL;Soja;Área Colhida;470
SP;Moji Mirim;Quantidade Produzida;Q1;2010;BRASIL;BRASIL;Soja;Área Plantada;470
SP;Moji Mirim;Quantidade Produzida;Q1;2010;BRASIL;BRASIL;Soja;Qtde Produzida;1140
SP;Nhandeara;Quantidade Produzida;Q1;2010;BRASIL;BRASIL;Soja;Média de Produtividade (Área Colhida);1,675
SP;Nhandeara;Quantidade Produzida;Q1;2010;BRASIL;BRASIL;Soja;Área Colhida;80
SP;Nhandeara;Quantidade Produzida;Q1;2010;BRASIL;BRASIL;Soja;Área Plantada;80
SP;Nhandeara;Quantidade Produzida;Q1;2010;BRASIL;BRASIL;Soja;Qtde Produzida;134
SP;Novo Horizonte;Quantidade Produzida;Q1;2010;BRASIL;BRASIL;Soja;Média de Produtividade (Área Colhida);2,571428571
SP;Novo Horizonte;Quantidade Produzida;Q1;2010;BRASIL;BRASIL;Soja;Área Colhida;700
SP;Novo Horizonte;Quantidade Produzida;Q1;2010;BRASIL;BRASIL;Soja;Área Plantada;700
SP;Novo Horizonte;Quantidade Produzida;Q1;2010;BRASIL;BRASIL;Soja;Qtde Produzida;1800
SP;Ourinhos;Quantidade Produzida;Q1;2010;BRASIL;BRASIL;Soja;Média de Produtividade (Área Colhida);2,942505209
SP;Ourinhos;Quantidade Produzida;Q1;2010;BRASIL;BRASIL;Soja;Área Colhida;27359
SP;Ourinhos;Quantidade Produzida;Q1;2010;BRASIL;BRASIL;Soja;Área Plantada;27359
SP;Ourinhos;Quantidade Produzida;Q1;2010;BRASIL;BRASIL;Soja;Qtde Produzida;80504
SP;Piedade;Quantidade Produzida;Q1;2010;BRASIL;BRASIL;Soja;Média de Produtividade (Área Colhida);2,349884527
SP;Piedade;Quantidade Produzida;Q1;2010;BRASIL;BRASIL;Soja;Área Colhida;1732
SP;Piedade;Quantidade Produzida;Q1;2010;BRASIL;BRASIL;Soja;Área Plantada;1732
SP;Piedade;Quantidade Produzida;Q1;2010;BRASIL;BRASIL;Soja;Qtde Produzida;4070
SP;Piracicaba;Quantidade Produzida;Q1;2010;BRASIL;BRASIL;Soja;Média de Produtividade (Área Colhida);2,400516796
SP;Piracicaba;Quantidade Produzida;Q1;2010;BRASIL;BRASIL;Soja;Área Colhida;387
SP;Piracicaba;Quantidade Produzida;Q1;2010;BRASIL;BRASIL;Soja;Área Plantada;387
SP;Piracicaba;Quantidade Produzida;Q1;2010;BRASIL;BRASIL;Soja;Qtde Produzida;929
SP;Pirassununga;Quantidade Produzida;Q1;2010;BRASIL;BRASIL;Soja;Média de Produtividade (Área Colhida);2,768222768
SP;Pirassununga;Quantidade Produzida;Q1;2010;BRASIL;BRASIL;Soja;Área Colhida;2442
SP;Pirassununga;Quantidade Produzida;Q1;2010;BRASIL;BRASIL;Soja;Área Plantada;2442
SP;Pirassununga;Quantidade Produzida;Q1;2010;BRASIL;BRASIL;Soja;Qtde Produzida;6760
SP;Presidente Prudente;Quantidade Produzida;Q1;2010;BRASIL;BRASIL;Soja;Média de Produtividade (Área Colhida);2,440164405
SP;Presidente Prudente;Quantidade Produzida;Q1;2010;BRASIL;BRASIL;Soja;Área Colhida;20924
SP;Presidente Prudente;Quantidade Produzida;Q1;2010;BRASIL;BRASIL;Soja;Área Plantada;20924
SP;Presidente Prudente;Quantidade Produzida;Q1;2010;BRASIL;BRASIL;Soja;Qtde Produzida;51058
SP;Ribeirão Preto;Quantidade Produzida;Q1;2010;BRASIL;BRASIL;Soja;Média de Produtividade (Área Colhida);2,716529894
SP;Ribeirão Preto;Quantidade Produzida;Q1;2010;BRASIL;BRASIL;Soja;Área Colhida;4265
SP;Ribeirão Preto;Quantidade Produzida;Q1;2010;BRASIL;BRASIL;Soja;Área Plantada;4265
SP;Ribeirão Preto;Quantidade Produzida;Q1;2010;BRASIL;BRASIL;Soja;Qtde Produzida;11586
SP;Rio Claro;Quantidade Produzida;Q1;2010;BRASIL;BRASIL;Soja;Média de Produtividade (Área Colhida);3
SP;Rio Claro;Quantidade Produzida;Q1;2010;BRASIL;BRASIL;Soja;Área Colhida;400
SP;Rio Claro;Quantidade Produzida;Q1;2010;BRASIL;BRASIL;Soja;Área Plantada;400
SP;Rio Claro;Quantidade Produzida;Q1;2010;BRASIL;BRASIL;Soja;Qtde Produzida;1200
SP;São Carlos;Quantidade Produzida;Q1;2010;BRASIL;BRASIL;Soja;Média de Produtividade (Área Colhida);2,528571429
SP;São Carlos;Quantidade Produzida;Q1;2010;BRASIL;BRASIL;Soja;Área Colhida;700
SP;São Carlos;Quantidade Produzida;Q1;2010;BRASIL;BRASIL;Soja;Área Plantada;700
SP;São Carlos;Quantidade Produzida;Q1;2010;BRASIL;BRASIL;Soja;Qtde Produzida;1770
SP;São João da Boa Vista;Quantidade Produzida;Q1;2010;BRASIL;BRASIL;Soja;Média de Produtividade (Área Colhida);2,96
SP;São João da Boa Vista;Quantidade Produzida;Q1;2010;BRASIL;BRASIL;Soja;Área Colhida;1000
SP;São João da Boa Vista;Quantidade Produzida;Q1;2010;BRASIL;BRASIL;Soja;Área Plantada;1000
SP;São João da Boa Vista;Quantidade Produzida;Q1;2010;BRASIL;BRASIL;Soja;Qtde Produzida;2960
SP;São Joaquim da Barra;Quantidade Produzida;Q1;2010;BRASIL;BRASIL;Soja;Média de Produtividade (Área Colhida);2,575493842
SP;São Joaquim da Barra;Quantidade Produzida;Q1;2010;BRASIL;BRASIL;Soja;Área Colhida;86060
SP;São Joaquim da Barra;Quantidade Produzida;Q1;2010;BRASIL;BRASIL;Soja;Área Plantada;86060
SP;São Joaquim da Barra;Quantidade Produzida;Q1;2010;BRASIL;BRASIL;Soja;Qtde Produzida;221647
SP;São José do Rio Preto;Quantidade Produzida;Q1;2010;BRASIL;BRASIL;Soja;Média de Produtividade (Área Colhida);2,489003083
SP;São José do Rio Preto;Quantidade Produzida;Q1;2010;BRASIL;BRASIL;Soja;Área Colhida;9730
SP;São José do Rio Preto;Quantidade Produzida;Q1;2010;BRASIL;BRASIL;Soja;Área Plantada;9730
SP;São José do Rio Preto;Quantidade Produzida;Q1;2010;BRASIL;BRASIL;Soja;Qtde Produzida;24218
SP;São José dos Campos;Quantidade Produzida;Q1;2010;BRASIL;BRASIL;Soja;Média de Produtividade (Área Colhida);2,4
SP;São José dos Campos;Quantidade Produzida;Q1;2010;BRASIL;BRASIL;Soja;Área Colhida;200
SP;São José dos Campos;Quantidade Produzida;Q1;2010;BRASIL;BRASIL;Soja;Área Plantada;200
SP;São José dos Campos;Quantidade Produzida;Q1;2010;BRASIL;BRASIL;Soja;Qtde Produzida;480
SP;Sorocaba;Quantidade Produzida;Q1;2010;BRASIL;BRASIL;Soja;Média de Produtividade (Área Colhida);2,690697674
SP;Sorocaba;Quantidade Produzida;Q1;2010;BRASIL;BRASIL;Soja;Área Colhida;860
SP;Sorocaba;Quantidade Produzida;Q1;2010;BRASIL;BRASIL;Soja;Área Plantada;860
SP;Sorocaba;Quantidade Produzida;Q1;2010;BRASIL;BRASIL;Soja;Qtde Produzida;2314
SP;Tatuí;Quantidade Produzida;Q1;2010;BRASIL;BRASIL;Soja;Média de Produtividade (Área Colhida);2,416363636
SP;Tatuí;Quantidade Produzida;Q1;2010;BRASIL;BRASIL;Soja;Área Colhida;1100
SP;Tatuí;Quantidade Produzida;Q1;2010;BRASIL;BRASIL;Soja;Área Plantada;1100
SP;Tatuí;Quantidade Produzida;Q1;2010;BRASIL;BRASIL;Soja;Qtde Produzida;2658
SP;Votuporanga;Quantidade Produzida;Q1;2010;BRASIL;BRASIL;Soja;Média de Produtividade (Área Colhida);3,239467849
SP;Votuporanga;Quantidade Produzida;Q1;2010;BRASIL;BRASIL;Soja;Área Colhida;1353
SP;Votuporanga;Quantidade Produzida;Q1;2010;BRASIL;BRASIL;Soja;Área Plantada;1353
SP;Votuporanga;Quantidade Produzida;Q1;2010;BRASIL;BRASIL;Soja;Qtde Produzida;4383
TO;Araguaína;Quantidade Produzida;Q1;2010;BRASIL;BRASIL;Soja;Média de Produtividade (Área Colhida);2,700570497
TO;Araguaína;Quantidade Produzida;Q1;2010;BRASIL;BRASIL;Soja;Área Colhida;12270
TO;Araguaína;Quantidade Produzida;Q1;2010;BRASIL;BRASIL;Soja;Área Plantada;12270
TO;Araguaína;Quantidade Produzida;Q1;2010;BRASIL;BRASIL;Soja;Qtde Produzida;33136
TO;Bico do Papagaio;Quantidade Produzida;Q1;2010;BRASIL;BRASIL;Soja;Média de Produtividade (Área Colhida);2,2
TO;Bico do Papagaio;Quantidade Produzida;Q1;2010;BRASIL;BRASIL;Soja;Área Colhida;5830
TO;Bico do Papagaio;Quantidade Produzida;Q1;2010;BRASIL;BRASIL;Soja;Área Plantada;5830
TO;Bico do Papagaio;Quantidade Produzida;Q1;2010;BRASIL;BRASIL;Soja;Qtde Produzida;12826
TO;Dianópolis;Quantidade Produzida;Q1;2010;BRASIL;BRASIL;Soja;Média de Produtividade (Área Colhida);2,791367892
TO;Dianópolis;Quantidade Produzida;Q1;2010;BRASIL;BRASIL;Soja;Área Colhida;43790
TO;Dianópolis;Quantidade Produzida;Q1;2010;BRASIL;BRASIL;Soja;Área Plantada;43790
TO;Dianópolis;Quantidade Produzida;Q1;2010;BRASIL;BRASIL;Soja;Qtde Produzida;122234
TO;Gurupi;Quantidade Produzida;Q1;2010;BRASIL;BRASIL;Soja;Média de Produtividade (Área Colhida);2,929297941
TO;Gurupi;Quantidade Produzida;Q1;2010;BRASIL;BRASIL;Soja;Área Colhida;40310
TO;Gurupi;Quantidade Produzida;Q1;2010;BRASIL;BRASIL;Soja;Área Plantada;40310
TO;Gurupi;Quantidade Produzida;Q1;2010;BRASIL;BRASIL;Soja;Qtde Produzida;118080
TO;Jalapão;Quantidade Produzida;Q1;2010;BRASIL;BRASIL;Soja;Média de Produtividade (Área Colhida);2,773933649
TO;Jalapão;Quantidade Produzida;Q1;2010;BRASIL;BRASIL;Soja;Área Colhida;105500
TO;Jalapão;Quantidade Produzida;Q1;2010;BRASIL;BRASIL;Soja;Área Plantada;105500
TO;Jalapão;Quantidade Produzida;Q1;2010;BRASIL;BRASIL;Soja;Qtde Produzida;292650
TO;Miracema do Tocantins;Quantidade Produzida;Q1;2010;BRASIL;BRASIL;Soja;Média de Produtividade (Área Colhida);2,757474601
TO;Miracema do Tocantins;Quantidade Produzida;Q1;2010;BRASIL;BRASIL;Soja;Área Colhida;34450
TO;Miracema do Tocantins;Quantidade Produzida;Q1;2010;BRASIL;BRASIL;Soja;Área Plantada;34450
TO;Miracema do Tocantins;Quantidade Produzida;Q1;2010;BRASIL;BRASIL;Soja;Qtde Produzida;94995
TO;Porto Nacional;Quantidade Produzida;Q1;2010;BRASIL;BRASIL;Soja;Média de Produtividade (Área Colhida);2,829417323
TO;Porto Nacional;Quantidade Produzida;Q1;2010;BRASIL;BRASIL;Soja;Área Colhida;79375
TO;Porto Nacional;Quantidade Produzida;Q1;2010;BRASIL;BRASIL;Soja;Área Plantada;79375
TO;Porto Nacional;Quantidade Produzida;Q1;2010;BRASIL;BRASIL;Soja;Qtde Produzida;224585
TO;Rio Formoso;Quantidade Produzida;Q1;2010;BRASIL;BRASIL;Soja;Média de Produtividade (Área Colhida);2,960765550
TO;Rio Formoso;Quantidade Produzida;Q1;2010;BRASIL;BRASIL;Soja;Área Colhida;31350
TO;Rio Formoso;Quantidade Produzida;Q1;2010;BRASIL;BRASIL;Soja;Área Plantada;31350
TO;Rio Formoso;Quantidade Produzida;Q1;2010;BRASIL;BRASIL;Soja;Qtde Produzida;92820
